"","Year_publ","Country","Study_area","Latitude","Longitude","Deer_density","hunting","Human_influence_index","Forest_integrity","Bear_presence","Wolf_presence","Lynx_presence","Nr_predators","Predation","IUCN_Catergory","Biogeographic","NDVI","NPP","Prec_all_year","Prec_summer","Min_Temp_summer","Min_Temp_winter","NDSI_Snow_Cover","Tree_canopy_cover","Palmer_drought_summer"
"1",1994,"UK","Abernethy",56.99,-3.31,11,1,19.75,6.18,0,0,0,0,"None","II","Atlantic",0.491,0.441,103.4,103.4,7.3,-1.7,16019.5,26.9,0.1
"2",2014,"Italy","Abruzzo, Lazio and Molise tiolPark",41.46,13.52,5,0,26.4,1.07,0,0,0,0,"None","III","Mediterranean",0.621,0.732,83.5,83.5,16.7,2.9,820.2,16.1,-0.6
"3",3000,"Italy","Abruzzo__National_Park",41.8,13.78,2.7,0,19.61,6.6,1,1,0,2,"Bear_wolf","I","Alpine",0.511,0.699,67.9,67.9,11.2,-2.2,18206,32.4,-0.7
"4",2001,"Norway","Afjord",64,10.51,0.2,1,12.6,8.55,0,0,1,1,"Lynx_only","I","Atlantic",0.405,0.419,150.7,150.7,8.6,-4.5,24671.3,28.3,-0.2
"5",2011,"Hungary","Aggteleki National Park",48.5,20.7,0.61,1,21.93,5.47,0,1,1,2,"Wolf_lynx","II","Pannonian",0.575,0.697,47.3,47.3,12.3,-3.9,5172.8,34.3,-0.2
"6",2005,"Germany","Ahr-Eifel",50.3,6.78,20,1,21.17,2.45,0,0,0,0,"None","IV","Continental",0.618,0.701,80,80,11.4,-1.3,5491.3,28.9,-1
"7",2010,"France","Ain",46.14,5.74,1,1,19.41,4.38,0,0,1,1,"Lynx_only","IV","Continental",0.619,0.82,103.2,103.2,10.9,-1.7,13648,45.8,-0.7
"8",2010,"France","Aisne",49.5,3.39,3,1,24.69,2.07,0,0,0,0,"None","IV","Atlantic",0.605,0.686,55.7,55.7,11.8,0.8,1476.7,18.2,-1.2
"9",2017,"Latvia","Akniste",56.19,25.72,1.5,1,16.97,2.35,0,1,1,2,"Wolf_lynx","III","Boreal",0.49,0.576,54.2,54.2,11.3,-6.7,15915.3,29.5,-0.4
"10",2001,"Norway","Alesund",62.45,6.39,4,1,30.99,7.29,0,0,0,0,"None","I","Alpine",0.42,0.522,146.3,146.3,10.4,-0.2,9442.1,23,0.1
"11",2010,"UK","Alice Holt",51.17,-0.85,15,1,31.31,0.03,0,0,0,0,"None","IV","Atlantic",0.646,0.744,70.9,70.9,11.4,1.9,1430.4,13.2,-0.1
"12",2014,"Germany","Allgau",47.61,10.03,5.5,1,22.68,1.91,0,0,0,0,"None","IV","Alpine",0.589,0.763,132.4,132.4,10.7,-3.9,27294.6,32.1,-0.5
"13",2010,"France","Allier",46.58,2.75,5,1,8.45,4,0,0,0,0,"None","I","Continental",0.683,0.802,59.9,59.9,12.6,0.6,1051.5,23.1,-1
"14",2015,"Italy","ALMNP central part",41.46,13.54,14,0,26.89,1.14,0,0,0,0,"None","III","Mediterranean",0.617,0.731,83.5,83.5,16.8,2.9,829,15.4,-0.6
"15",2017,"Latvia","Aloja",57.75,24.8,1.5,1,22.36,2.13,0,1,1,2,"Wolf_lynx","II","Boreal",0.5,0.644,56.1,56.1,11.4,-7.7,19049.4,35.5,-0.1
"16",2010,"France","Alpes HP",44.03,5.89,1,1,21.9,3.07,0,1,0,1,"Wolf_only","V","Mediterranean",0.539,0.696,66.2,66.2,14.4,0.7,1570.1,16.7,-0.7
"17",2010,"France","Alpes Maritimes",43.99,7.31,3,1,9.09,5.48,0,1,0,1,"Wolf_only","II","Alpine",0.611,0.785,74.6,74.6,12.3,-1.1,8619.9,35.8,-1
"18",2017,"Latvia","Alsungas",57.06,21.57,5,1,20.16,2.09,0,1,0,1,"Wolf_only","II","Boreal",0.561,0.742,60.9,60.9,12.6,-4.2,12756,39.5,-0.6
"19",2011,"France","Alta Rocca (Vallee de Quenza et basse vallee Cuscionu)",41.8,9.08,2.5,0,14.68,5.49,0,0,0,0,"None","V","Mediterranean",0.678,0.981,64.5,64.5,16.1,2.9,5199.3,42.5,-0.6
"20",2011,"Italy","Altopiano di Budduso",40.58,9.27,4.93,0,26.52,1.49,0,0,0,0,"None","Not Protected","Mediterranean",0.609,0.871,65.4,65.4,16.9,3.7,1109,14.7,-0.6
"21",2017,"Latvia","Aluksne",57.45,27.45,0.5,1,21.97,3.62,0,1,1,2,"Wolf_lynx","IV","Boreal",0.503,0.589,53.7,53.7,10.9,-7.5,17010.1,36.9,-0.2
"22",2001,"Norway","Ame",63.48,9.24,1.7,1,12.9,8.61,0,0,1,1,"Lynx_only","Not Protected","Atlantic",0.44,0.498,97.1,97.1,8.6,-2.2,13332.8,22.3,-0.4
"23",2017,"Latvia","Ance",57.49,22.17,3,1,11.64,2.82,0,1,1,2,"Wolf_lynx","IV","Boreal",0.575,0.756,51.7,51.7,12.4,-4.5,12627.8,48.8,-0.6
"24",3000,"Italy","Aosta_Valley",45.82,7.32,2.1,1,21.03,3.58,0,0,0,0,"None","V","Alpine",0.358,0.416,103.3,103.3,6.8,-6.5,37176.1,20.5,-0.6
"25",2018,"Serbia","Apatin",45.6,18.96,6.49,1,24.49,3.58,0,0,0,0,"None","III","Continental",0.513,0.45,52.8,52.8,14.5,-1.2,4942.8,16.2,-0.5
"26",2017,"Latvia","Ape",57.49,26.45,1.5,1,15.43,2.84,1,1,1,3,"All","III","Boreal",0.503,0.593,54.1,54.1,11.3,-6.8,17533.6,33.6,-0.2
"27",2011,"Italy","Arburese",39.52,8.59,20.77,0,24.9,3.68,0,0,0,0,"None","Not Reported","Mediterranean",0.622,0.89,56.8,56.8,18.2,5.9,461.9,21.4,-0.2
"28",2010,"France","Ardeche",44.63,4.07,1,1,10.38,6.04,0,0,0,0,"None","I","Continental",0.649,0.804,91,91,9.9,-1.8,6837.9,43.6,-1
"29",2010,"France","Ardennes",49.88,4.77,1,1,19.97,4.78,0,0,0,0,"None","IV","Continental",0.654,0.751,77.2,77.2,10.9,-0.2,2315.2,56.2,-0.9
"30",3000,"Italy","Arezzo",43.77,11.81,3.72,1,24.62,5.12,0,1,0,1,"Wolf_only","I","Continental",0.644,0.668,113.3,113.3,14.8,1.1,2439.6,37,-0.9
"31",2010,"France","Ariege",42.86,1.52,1,1,18.05,6,1,0,0,1,"Bear_only","IV","Alpine",0.611,0.762,88.8,88.8,11.1,-0.9,13197.4,42.7,-1.1
"32",2001,"Norway","Askvoll",61.41,5.27,1.7,1,20.27,7.61,0,0,0,0,"None","I","Alpine",0.37,0.454,264,264,10.1,-0.6,18551.9,26.6,0.3
"33",2017,"Belarus","Astraviecki",54.67,25.93,0.25,1,23.52,2.82,0,1,0,1,"Wolf_only","Not Protected","Boreal",0.484,0.59,55,55,11.2,-6.7,13818.4,28.6,-0.5
"34",2008,"Spain","Asturias",43.2,-6,0.66,1,22.34,5.21,1,1,0,2,"Bear_wolf","II","Atlantic",0.649,0.91,90.8,90.8,9.5,0.8,5084,36.3,-0.7
"35",2010,"France","Aube",48.15,3.95,3,1,21.05,2.97,0,0,0,0,"None","IV","Continental",0.602,0.691,59.6,59.6,12.2,0.2,1006.5,20.4,-0.9
"36",2017,"Latvia","Auce",56.36,23.1,5,1,22.63,1.27,0,1,0,1,"Wolf_only","III","Boreal",0.479,0.55,49.5,49.5,12.1,-5.1,15373.8,18.6,-0.5
"37",2010,"France","Aude",42.95,2.22,1,1,21.07,4.33,0,0,0,0,"None","Not Reported","Mediterranean",0.626,0.823,65.3,65.3,14.8,2.3,742.9,27.6,-1.3
"38",3000,"Poland","Augustow_Forest",53.67,22.67,0.6,1,18.12,3.82,0,1,1,2,"Wolf_lynx","IV","Continental",0.51,0.598,46.2,46.2,11.9,-5,11982,19.6,-0.6
"39",2001,"Norway","Austrheim",60.77,4.93,1.2,1,26.4,5.88,0,0,0,0,"None","I","Atlantic",0.456,0.628,162.5,162.5,11.1,0.6,8598.8,21.8,0.3
"40",2010,"France","Averyron",44.53,2.8,3,1,17.97,2.18,0,0,0,0,"None","V","Continental",0.677,0.84,58.4,58.4,11.6,-0.1,2603.7,20.1,-1.2
"41",2018,"Serbia","Bac",45.35,19.22,3.25,1,26.53,0.91,0,0,0,0,"None","Not Reported","Continental",0.467,0.446,53.6,53.6,14.5,-1.2,5291.8,10.8,-0.6
"42",1994,"UK","Ballochbuie",57.22,-3.14,14,1,17.02,4.57,0,0,0,0,"None","IV","Atlantic",0.545,0.515,90.6,90.6,7.7,-1.1,15674.3,28.5,0
"43",2017,"Latvia","Barkava",56.7,26.56,3,1,17.96,2.58,0,1,1,2,"Wolf_lynx","IV","Boreal",0.453,0.555,58.9,58.9,11.5,-7,18378.4,22.9,-0.3
"44",2010,"France","Bas Rhin",48.36,7.34,5,1,17.74,4.59,0,0,1,1,"Lynx_only","IV","Continental",0.678,0.705,80.2,80.2,11.5,-1,3915.4,44.4,-0.9
"45",2017,"Latvia","Bauska",56.4,24.44,0.5,1,20.09,0.86,0,0,0,0,"None","III","Boreal",0.48,0.562,50.2,50.2,12.1,-5.7,16418.1,22.8,-0.4
"46",3000,"Germany","Bavarian_Alps",47.42,10.75,3.5,1,24.35,6.13,0,0,0,0,"None","IV","Alpine",0.442,0.591,103.1,103.1,8.3,-5.7,37188.9,37.8,-0.5
"47",2014,"Germany","Bayerische Alpen 1",47.67,10.61,2.75,1,23.65,2.37,0,0,0,0,"None","IV","Alpine",0.637,0.747,110.2,110.2,10.6,-3.9,22098.5,27.1,-0.5
"48",2014,"Germany","Bayerische Alpen 2",47.45,11.2,2.75,1,26.3,5.36,0,0,0,0,"None","IV","Alpine",0.51,0.63,109.1,109.1,8.9,-4.9,27269.1,42.1,-0.4
"49",2014,"Germany","Bayerische Alpen 3",47.65,11.49,2.75,1,22.31,5.62,0,0,0,0,"None","IV","Alpine",0.599,0.729,108.5,108.5,10.4,-3.5,21510.4,47.9,-0.5
"50",2014,"Germany","Bayerische Alpen 5",47.56,12.93,2.75,1,17.88,5.43,0,0,0,0,"None","II","Alpine",0.387,0.487,120.7,120.7,7.1,-7,28521.2,33.4,-0.1
"51",2014,"Germany","Bayerischer Wald",48.98,13.37,2.75,1,19.55,1.85,0,0,1,1,"Lynx_only","II","Continental",0.572,0.667,104.8,104.8,8.7,-5.2,18772.7,52.4,-0.4
"52",2015,"UK","Bealach a Chuirn",57.92,-5.43,9,1,18,3.66,0,0,0,0,"None","I","Atlantic",0.399,0.461,149.2,149.2,9.7,2.3,4419.9,7.9,0.1
"53",2014,"Germany","Bei Muenchen",48.3,11.75,2.75,1,39.49,0.03,0,0,0,0,"None","IV","Continental",0.514,0.661,69.7,69.7,11.9,-2.7,8187.6,8.4,-1.1
"54",2016,"France","Belbriette",48.08,6.99,7,1,20.89,3.6,0,1,0,1,"Wolf_only","I","Continental",0.644,0.747,108.5,108.5,9.4,-3,12554.9,51.3,-0.6
"55",3000,"Belarus","Berezinskii_National_Park",53.38,28.37,0.08,0,20.18,4.22,0,0,0,0,"None","IV","Continental",0.516,0.599,52.6,52.6,11.9,-7.1,12230.6,34.6,-0.6
"56",2015,"Belarus","Berezinsky",54.67,28.36,0.11,1,20.51,7.74,0,0,0,0,"None","I","Boreal",0.526,0.618,57,57,11.3,-7.9,11575,42.6,-0.6
"57",2001,"Norway","Bergen",60.37,5.41,0.5,1,42.95,4.3,0,0,0,0,"None","I","Atlantic",0.441,0.533,218.5,218.5,10,-0.7,18874.8,37,0.4
"58",2016,"Slovakia ","Beskydy",49.41,18.9,1.7,1,22.09,1.89,1,1,1,3,"All","I","Alpine",0.549,0.668,86.5,86.5,9.8,-5.9,16983.4,46.5,-0.5
"59",3000,"Poland","Beskydy_Mountains",49.5,18.31,1,1,19.1,3.54,1,0,1,2,"Bear_lynx","I","Continental",0.603,0.648,77.1,77.1,9.9,-4.9,13588.6,47.1,-0.8
"60",3000,"Poland","Bialowieza",52.75,23.87,4.61,0,22.55,5.76,0,1,1,2,"Wolf_lynx","II","Continental",0.606,0.606,49.8,49.8,11.4,-5.3,7122.7,57.4,-0.6
"61",1994,"Poland","Bialowieza NP",52.77,23.88,12.75,0,21.74,6.26,0,1,1,2,"Wolf_lynx","II","Continental",0.601,0.61,49.8,49.8,11.3,-5.3,7270.8,55.9,-0.6
"62",1997,"Poland","Bialowieza Primeval Forest",52.75,23.68,6.07,1,27.74,3.09,0,1,1,2,"Wolf_lynx","II","Continental",0.575,0.603,49.7,49.7,11.4,-5.2,7987.2,49.9,-0.6
"63",2009,"Poland","Bialowieza Primeval Forest outside NP",52.75,23.83,6,0,22.52,5.16,0,1,1,2,"Wolf_lynx","II","Continental",0.609,0.607,49.8,49.8,11.4,-5.2,7053,58.5,-0.6
"64",3000,"Belarus","Bialowieza_Forest_(Belarussian_part)",52.5,24.5,2.1,1,29.4,2.23,0,0,0,0,"None","IV","Continental",0.471,0.568,50.6,50.6,11.2,-6.3,10766.5,16.8,-0.6
"65",2017,"Belarus","Biarozauski",52.57,24.86,0.15,1,27.08,3.38,0,0,0,0,"None","IV","Continental",0.414,0.558,51.2,51.2,11.2,-6.3,10849.8,12.4,-0.5
"66",2017,"Belarus","Bierastavicki",53.27,23.97,0.15,1,22.5,0.87,0,1,1,2,"Wolf_lynx","Not Reported","Continental",0.447,0.555,49.3,49.3,11.1,-6,11405.9,9.3,-0.6
"67",2019,"Poland","Bieszczady",49.18,22.53,1.7,1,15.65,7.3,1,1,1,3,"All","I","Alpine",0.587,0.705,85.5,85.5,8.8,-5.6,11248.9,63.6,-0.4
"68",3000,"Poland","Bieszczady_National_Park",49.08,22.78,4,0,18.59,6.41,1,1,1,3,"All","II","Alpine",0.561,0.72,92.3,92.3,8.7,-6,14410.2,54.8,-0.4
"69",2017,"Latvia","Birzgale",56.57,24.85,1.5,1,20.29,2.46,0,1,1,2,"Wolf_lynx","III","Boreal",0.55,0.619,53.4,53.4,11.7,-6.2,15249,42.4,-0.3
"70",1994,"UK","Blackmount",56.55,-4.8,11,1,21.6,5.12,0,0,0,0,"None","III","Atlantic",0.393,0.391,185.9,185.9,8.1,-1,10924.3,16.5,0.4
"71",2005,"Estonia","Blankaholm",57.59,16.52,0.15,1,21.03,4.71,0,0,0,0,"None","I","Boreal",0.566,0.721,50.6,50.6,11.7,-3.2,12041.2,42,0.1
"72",2001,"Norway","Bokn",59.2,5.42,0.5,1,24.14,5.7,0,0,0,0,"None","I","Atlantic",0.449,0.662,130.9,130.9,11.7,0.1,4870.5,11.1,0.1
"73",2014,"Germany","Brandenburg 1",51.6,13.29,2.75,1,28.5,1.09,0,1,0,1,"Wolf_only","IV","Continental",0.576,0.574,47.1,47.1,13,-1.2,5642.8,20.6,-0.9
"74",2014,"Germany","Brandenburg 10",53.22,14.28,0.75,1,27.69,1.03,0,0,0,0,"None","II","Continental",0.526,0.555,42.9,42.9,12.6,-1.8,6268.2,10.7,-0.7
"75",2014,"Germany","Brandenburg 11",53.34,13.61,0.75,1,23.03,2.32,0,0,0,0,"None","IV","Continental",0.527,0.589,45.9,45.9,12.1,-1.9,6913.9,15.5,-0.7
"76",2014,"Germany","Brandenburg 12",53.11,13.1,2.75,1,23.1,4.89,0,0,0,0,"None","IV","Continental",0.608,0.634,48,48,12.1,-2.1,5074.1,37.9,-0.6
"77",2014,"Germany","Brandenburg 13",53.04,12.86,2.75,1,18.11,5.52,0,0,0,0,"None","IV","Continental",0.623,0.637,47.6,47.6,12.2,-1.9,5122.6,41.6,-0.6
"78",2014,"Germany","Brandenburg 14",53.01,11.9,0.75,1,30.9,1.61,0,0,0,0,"None","IV","Continental",0.596,0.626,49.4,49.4,12.9,-1.1,4267.3,23.2,-0.6
"79",2014,"Germany","Brandenburg 2",51.58,13.83,2.75,1,28.82,1.75,0,0,0,0,"None","IV","Continental",0.545,0.519,52.4,52.4,12.8,-1.4,6659.3,23.6,-0.7
"80",2014,"Germany","Brandenburg 3",51.84,14.55,0.75,1,32.37,1.35,0,1,0,1,"Wolf_only","IV","Continental",0.52,0.505,50.7,50.7,13.1,-1.5,4882.9,21.9,-0.8
"81",2014,"Germany","Brandenburg 4",52.11,11.98,2.75,1,26.77,1.99,0,1,0,1,"Wolf_only","IV","Continental",0.554,0.556,46.7,46.7,13,-1.1,4386.2,12.9,-0.5
"82",2014,"Germany","Brandenburg 5",58.41,13.98,0.75,1,34.16,0.99,0,0,1,1,"Lynx_only","I","Boreal",0.524,0.633,51,51,10.4,-4.6,13942.1,24.8,0.7
"83",2014,"Germany","Brandenburg 6",52.56,12.54,0.75,1,23.47,2.25,0,0,0,0,"None","IV","Continental",0.596,0.607,46.5,46.5,12.9,-1.2,4064.6,23.4,-0.6
"84",2014,"Germany","Brandenburg 7",52.69,13.94,0.75,1,22.74,3.79,0,0,0,0,"None","IV","Continental",0.587,0.58,52.1,52.1,12.3,-1.7,5696.8,32.1,-0.6
"85",2014,"Germany","Brandenburg 8",52.83,13.37,2.75,1,28.29,2.6,0,0,0,0,"None","IV","Continental",0.595,0.628,48.3,48.3,12.4,-1.7,4342.7,26.5,-0.6
"86",2014,"Germany","Brandenburg 9",53.07,13.74,2.75,1,20.72,5.28,0,0,0,0,"None","IV","Continental",0.605,0.616,48.2,48.2,12.1,-1.8,4883.9,35.5,-0.6
"87",2017,"Belarus","Braslauski",55.52,26.92,0.75,1,21.09,4.84,0,0,0,0,"None","II","Boreal",0.484,0.593,53.2,53.2,11.2,-7.3,15093.5,29.6,-0.6
"88",3000,"Romania","Brasov_Region",45.83,25.83,2.35,1,33.71,4.52,1,1,1,3,"All","IV","Alpine",0.485,0.65,47.4,47.4,12,-5.7,14018.1,11.1,-0.7
"89",2010,"UK","Breiddens",52.72,-3.05,8,1,24.42,0.3,0,0,0,0,"None","IV","Atlantic",0.688,0.611,70.1,70.1,11.1,1.7,2318.3,13.2,0.3
"90",2001,"Norway","Bremanger",61.82,5.48,1.7,1,16.84,7.92,0,0,0,0,"None","I","Alpine",0.226,0.31,247.3,247.3,7.7,-2.2,25572.7,20.1,0.2
"91",2014,"Poland","Brodnicki",53.24,19.54,2.46,1,27.7,0.66,0,0,0,0,"None","IV","Continental",0.462,0.533,49.1,49.1,12.1,-3.8,10542.4,11.5,-0.9
"92",2016,"Lithuania","Bukta forest",54.58,23.59,0.3,1,21.44,0.88,0,1,1,2,"Wolf_lynx","I","Boreal",0.473,0.574,51.1,51.1,11.4,-5.4,13158.9,16.2,-0.5
"93",2014,"Poland","Bydgoski",53.15,18.04,2.97,1,43.34,0.73,0,1,0,1,"Wolf_only","IV","Continental",0.503,0.559,45.9,45.9,12.5,-3,7341.5,28.9,-0.8
"94",2014,"Spain","Cabaneros NP",39.4,-4.49,16.4,0,11.57,6.71,0,0,0,0,"None","II","Mediterranean",0.574,0.518,40.3,40.3,14.8,1.9,596.3,21.8,-0.8
"95",2010,"France","Calvados",49.15,-0.79,7,1,17.6,1.23,0,0,0,0,"None","IV","Atlantic",0.662,0.792,69,69,12.1,2.8,1259.7,11.3,-0.4
"96",2011,"Italy","Candaten",46.12,12.07,2.2,1,27.97,3.6,0,0,0,0,"None","I","Alpine",0.553,0.697,81.8,81.8,12.2,-2.9,8193.1,32.2,-0.5
"97",2011,"Italy","Cansiglio forest",46.01,12.2,30,1,22.08,3.02,0,0,0,0,"None","Not Reported","Alpine",0.635,0.715,83.2,83.2,13.2,-2,4747.4,40,-0.5
"98",3000,"Spain","Cantabrian_Mountains",43,-6,0.47,NA,17.69,6.95,1,1,0,2,"Bear_wolf","II","Atlantic",0.466,0.659,105.1,105.1,6.8,-2.2,17495.9,21.5,-0.7
"99",2010,"France","Cantal",45.03,2.67,3,1,15.2,3.35,0,0,0,0,"None","IV","Continental",0.572,0.794,85,85,9,-2.5,17141.3,28.4,-1
"100",2009,"Ukraine","Carpathian Biosphere Reserve",48.12,24.5,0.45,1,17.91,7.16,0,0,0,0,"None","I","Alpine",0.572,0.654,101.3,101.3,7.3,-8.2,19000.5,59.8,-0.4
"101",2010,"Spain","Castilla-La Mancha LM",38.92,-0.6,37.69,1,34.54,2.38,0,0,0,0,"None","III","Mediterranean",0.425,0.531,30.8,30.8,19,5.1,98,5.3,-0.6
"102",2010,"Spain","Castilla-La Mancha LQ",39.75,-4.25,31.58,1,29.44,3.73,0,0,0,0,"None","Not Reported","Mediterranean",0.332,0.313,33.4,33.4,17.1,3.1,983.8,1.2,-0.7
"103",1998,"Spain","Castillo de Venuelas",40.62,-3.63,14,1,45.91,1.8,0,0,0,0,"None","V","Mediterranean",0.403,0.398,34.1,34.1,16.7,2.7,872.1,3.4,-0.7
"104",2017,"Belarus","Cavuski",53.88,30.92,0.45,1,18.03,1.49,0,0,0,0,"None","Not Protected","Boreal",0.438,0.553,52.3,52.3,11.7,-7.9,17326.7,18.4,-0.5
"105",2014,"Lithuania","Central bit",55.58,24.16,4.41,1,22.21,1.17,0,0,0,0,"None","IV","Boreal",0.474,0.535,48.8,48.8,11.6,-5.3,13895.6,18.3,-0.5
"106",2017,"Belarus","Cerykauski",53.79,31.53,0.45,1,23.07,0.71,0,0,0,0,"None","Not Protected","Boreal",0.418,0.549,52.5,52.5,11.8,-8,17657.5,14,-0.5
"107",2017,"Latvia","Cesis",57.28,25.13,3,1,19.4,3.23,0,1,0,1,"Wolf_only","II","Boreal",0.517,0.625,55.8,55.8,11.5,-7.1,17746.9,39.4,-0.2
"108",1994,"France","Chambord",47.62,1.57,13.5,1,25.23,4.31,0,0,0,0,"None","IV","Atlantic",0.629,0.736,54.5,54.5,13.1,1.6,732.8,27.4,-0.9
"109",2010,"France","Charente",45.89,0.39,1,1,19.26,1,0,0,0,0,"None","Not Protected","Atlantic",0.634,0.749,68.9,68.9,13.3,2.3,865.7,12.2,-0.7
"110",2010,"France","Charente Maritime",45.43,-0.57,3,1,26.1,0.33,0,0,0,0,"None","Not Reported","Atlantic",0.562,0.733,72.9,72.9,13.9,3.1,684.5,8.6,-0.7
"111",2010,"France","Cher",47.3,2.31,1,1,10.42,3.62,0,0,0,0,"None","Not Reported","Atlantic",0.661,0.789,60.1,60.1,12.9,1.1,670.4,32.4,-0.9
"112",3000,"Ukraine","Chernigiv_region",51.1,30.45,0.15,1,19.69,5.97,0,0,0,0,"None","I","Continental",0.274,0.521,48.5,48.5,13.2,-6,13973.5,18,-0.9
"113",2012,"Belarus","Chernobyl",51.64,29.92,3.2,0,22.06,5.37,0,0,0,0,"None","I","Continental",0.511,0.533,49.8,49.8,12.4,-6.2,8951,28,-0.8
"114",2010,"UK","Chiddingfold",51.1,-0.57,7.9,1,26.15,0.07,0,0,0,0,"None","IV","Atlantic",0.692,0.789,65.3,65.3,11.3,1.9,1017.5,13.3,-0.1
"115",2010,"UK","Chilterns",52.8,-1.14,17,1,40.42,0,0,0,0,0,"None","IV","Atlantic",0.607,0.591,53.6,53.6,10.9,1.5,2232.8,7.5,0
"116",2017,"Belarus","Chocimski",53.41,32.63,0.25,1,19.24,4.2,0,0,0,0,"None","Not Protected","Boreal",0.444,0.568,50.7,50.7,12,-7.9,15903.3,19.2,-0.8
"117",2017,"Latvia","Cibla",56.55,27.95,0.5,1,15.9,3.47,0,1,1,2,"Wolf_lynx","II","Boreal",0.477,0.576,51.1,51.1,11.2,-7.7,16806,28.6,-0.5
"118",3000,"UK","Clashindarroch",57.4,-2.5,0.5,1,20.59,0.01,0,0,0,0,"None","III","Atlantic",0.594,0.521,65,65,9.4,0.8,8650.2,9.8,-0.1
"119",2007,"Romania","Condratu",45.77,26.61,0.19,1,15.44,8,1,1,1,3,"All","IV","Alpine",0.652,0.636,49.5,49.5,10.9,-5.8,12617.3,56.4,-1.1
"120",2010,"France","Correze",45.29,2,1,1,20.15,1.67,0,0,0,0,"None","IV","Continental",0.703,0.848,74.6,74.6,11.6,0.1,1432.6,40.4,-1
"121",2010,"France","Cote d'Or",47.53,4.68,1,1,24.86,3.77,0,0,0,0,"None","IV","Continental",0.601,0.727,71.5,71.5,12.3,-0.3,2445.4,21.6,-0.8
"122",2010,"France","Cotes d'armor",48.44,-3.01,3,1,18.12,0.06,0,0,0,0,"None","IV","Atlantic",0.685,0.833,87.1,87.1,12.2,3.5,1163,13.6,0
"123",2010,"UK","Cotswolds",51.82,-1.97,10.6,1,27.23,0,0,0,0,0,"None","IV","Atlantic",0.617,0.626,74.3,74.3,10.6,1.2,1771.3,8.9,0.3
"124",2010,"France","Creuse",45.82,2.16,1,1,19,1.32,0,0,0,0,"None","V","Continental",0.686,0.819,75.7,75.7,10.9,-0.6,3394.9,33.9,-1
"125",2014,"Poland","D?browa Forest District",50.28,19.3,5.5,1,41.34,0.46,0,0,0,0,"None","IV","Continental",0.479,0.581,59.8,59.8,12.3,-3.5,8565.1,23.9,-1.2
"126",2011,"Austria","Danube-Auen NP - Lobau Forest",48.18,16.52,10,1,48.02,0.62,0,0,0,0,"None","II","Continental",0.421,0.505,49.2,49.2,13.8,-1.6,3536,7.3,-0.4
"127",2017,"Latvia","Daugavpils",55.78,26.61,0.5,1,27.47,0.58,0,0,1,1,"Lynx_only","II","Boreal",0.462,0.578,53.6,53.6,11.2,-7.1,15985.9,19.6,-0.5
"128",2017,"Latvia","Daugavpils.2",56.09,26.43,1.5,1,24.75,1.26,0,1,1,2,"Wolf_lynx","II","Boreal",0.472,0.572,54.4,54.4,11.4,-7,15444.2,23.1,-0.5
"129",2010,"UK","Dean",51.78,-2.58,7.8,1,31.27,0.26,0,0,0,0,"None","IV","Atlantic",0.67,0.708,70.4,70.4,11.1,1.8,1463.8,22.4,0.3
"130",2010,"France","Deux Sevres",46.59,-0.1,3,1,19.95,0.11,0,0,0,0,"None","Not Reported","Atlantic",0.649,0.745,69.2,69.2,13.1,2.3,1272.5,8.4,-0.7
"131",2011,"France","Deux sorru (Letia - Guagnu)",42.2,8.91,1.54,0,16.18,7.44,0,0,0,0,"None","IV","Mediterranean",0.598,0.84,74.1,74.1,15,1.6,12181.6,35.2,-0.5
"132",2018,"Slovenia","Diric Mountains",45.58,14.58,6.7,1,15.93,6.55,1,1,1,3,"All","Not Reported","Alpine",0.665,0.796,135.3,135.3,10.6,-3.8,11103.5,66.4,-0.5
"133",2013,"Romania","Dobreiasu",44.92,25.12,0.21,1,21.57,4.62,0,1,0,1,"Wolf_only","Not Reported","Continental",0.603,0.668,50.9,50.9,13.2,-3.3,8823.4,39.3,-0.5
"134",2017,"Belarus","Dobrusski",52.5,31.45,0.15,1,19.02,5.24,0,0,0,0,"None","IV","Continental",0.493,0.57,49.8,49.8,12.5,-7.1,12833.7,29.6,-0.7
"135",2015,"UK","Doire Crioich",57.73,-5.48,9,1,17.24,2.98,0,0,0,0,"None","II","Atlantic",0.423,0.4,176.4,176.4,9,1.1,8879.7,18.3,0.1
"136",3000,"Spain","Donana",37,-6.5,2.37,0,24.1,1.93,0,0,0,0,"None","II","Mediterranean",0.361,0.501,43.8,43.8,19,8.6,422.8,4.5,-0.9
"137",2008,"Spain","Donana Biosphere Reserve",37.06,-6.43,1.11,0,21.91,2.55,0,0,0,0,"None","II","Mediterranean",0.37,0.481,43.7,43.7,19.2,8.5,819.6,4.7,-0.9
"138",1994,"France","Donon",48.65,7.2,3,1,16.79,4.62,0,0,1,1,"Lynx_only","IV","Continental",0.708,0.73,76.8,76.8,11.3,-1.3,4856.5,49.6,-1.1
"139",2010,"France","Donon summit",48.28,7.07,7.5,1,22.51,3.43,0,0,1,1,"Lynx_only","V","Continental",0.693,0.758,82.9,82.9,11.1,-1.6,5930.6,43.9,-0.9
"140",2010,"France","Dordogne",45,0.8,1,1,22.04,1.33,0,0,0,0,"None","Not Protected","Atlantic",0.655,0.776,81.3,81.3,13.1,2.4,565.1,24.6,-0.9
"141",2010,"France","Doubs",46.61,6.22,1,1,19.66,5.56,0,0,1,1,"Lynx_only","I","Continental",0.559,0.775,120.6,120.6,8.8,-3.8,29502.2,49.9,-0.5
"142",2010,"France","Drome",44.5,5.43,1,1,17.92,6.36,0,1,0,1,"Wolf_only","V","Mediterranean",0.59,0.754,88.2,88.2,12,-1.3,5037,29.3,-0.9
"143",3000,"Poland","Dulow",50.17,19.83,1.6,1,29.79,0.39,0,0,0,0,"None","IV","Continental",0.488,0.593,62.7,62.7,12,-3.9,11190.3,13.9,-1
"144",2014,"Germany","Eifel 1",50.11,6.34,2.75,1,19.73,2.05,0,0,0,0,"None","Not Reported","Continental",0.621,0.712,81.2,81.2,11.4,-1,5714.5,26,-1
"145",2014,"Germany","Eifel 2",50.46,7.04,5.5,1,20.95,5.18,0,0,0,0,"None","V","Continental",0.661,0.705,70.5,70.5,11.5,-0.7,4077.6,45.9,-1.1
"146",2014,"Germany","Eifel 3",50.54,7.37,5.5,1,27.44,2.82,0,0,0,0,"None","Not Reported","Continental",0.624,0.687,66.7,66.7,12.2,-0.3,2524.9,36,-1.1
"147",2014,"Poland","Elbl?g upland",54.15,19.48,2.75,1,36.98,1.26,0,1,0,1,"Wolf_only","IV","Continental",0.504,0.628,56.6,56.6,12.4,-3.2,11508.1,15.4,-0.7
"148",2003,"France","Entrevaux",43.95,6.81,5,1,12.17,6.76,0,1,0,1,"Wolf_only","IV","Alpine",0.575,0.76,71.9,71.9,13.7,-0.5,5093.2,29.5,-0.8
"149",3000,"UK","Eredine",56.2,-5.45,17.6,1,20.16,1.54,0,0,0,0,"None","IV","Atlantic",0.584,0.614,147.3,147.3,10.3,2.2,4821.6,33.8,0.5
"150",2017,"Latvia","Ergli",56.77,25.7,3,1,19.18,1.31,0,1,1,2,"Wolf_lynx","III","Boreal",0.48,0.584,58.4,58.4,10.8,-7.6,18972.5,31,-0.2
"151",2010,"France","Essone",48.42,2.28,1,1,29.89,1.18,0,0,0,0,"None","III","Atlantic",0.534,0.62,52,52,12.8,1.4,1450.4,11.1,-1
"152",2003,"France","Esterel 1998",43.5,6.82,1.87,1,38.11,3.6,0,1,0,1,"Wolf_only","IV","Mediterranean",0.61,0.916,69.6,69.6,17.4,4,512.9,35.3,-1
"153",2001,"Norway","Etne",59.9,6.42,1.5,1,12.76,8.89,0,0,0,0,"None","I","Alpine",0.152,0.2,203.2,203.2,6.4,-6.5,33877.7,14.2,0.4
"154",2010,"France","Eure",48.93,1.13,5,1,30.12,1.29,0,0,0,0,"None","IV","Atlantic",0.561,0.61,53.5,53.5,12.1,1.5,1433.2,8.6,-0.7
"155",2010,"France","Eure Loir",48.52,1.38,7,1,28.12,0.47,0,0,0,0,"None","Not Protected","Atlantic",0.525,0.559,51.3,51.3,12.2,1.4,1491,4.4,-0.9
"156",3000,"Spain","Extremadura",39,-6,1,1,34.61,1.01,0,0,0,0,"None","Not Reported","Mediterranean",0.406,0.336,46.2,46.2,15.8,5.5,152.3,1.8,-0.6
"157",2013,"Romania","Fagetel",46.46,25.95,0.21,1,22.94,5.2,1,1,1,3,"All","Not Reported","Alpine",0.522,0.671,48.4,48.4,10,-8,22938.2,34.1,-0.9
"158",1995,"Belgium","Famenne",50.04,5.17,5,1,19.44,2.52,0,0,0,0,"None","IV","Continental",0.663,0.741,78.7,78.7,11.1,-0.3,3382.3,40.2,-0.9
"159",2014,"Germany","Fichtengebirge",50.12,11.85,0.75,1,26.43,2.94,0,0,0,0,"None","IV","Continental",0.557,0.639,81.8,81.8,9.9,-3.8,11254.1,33.6,-0.8
"160",2010,"France","Finistere",48.21,-3.67,1,1,15.26,0,0,0,0,0,"None","IV","Atlantic",0.68,0.815,90.8,90.8,12.7,3.9,924.9,10.7,0.2
"161",2001,"Norway","Fitjar",59.9,5.36,0.9,1,21.39,6.63,0,0,0,0,"None","I","Atlantic",0.452,0.553,186.3,186.3,10.5,0,10737.4,30.8,0.3
"162",2001,"Norway","Fjell",60.32,5.08,0.5,1,32.29,4.72,0,0,0,0,"None","I","Atlantic",0.449,0.559,150.6,150.6,11,0.5,9343.3,28.7,0.3
"163",2009,"France","Foret de Chaux",47.13,6.1,2.75,1,23.9,3.36,0,0,1,1,"Lynx_only","IV","Continental",0.677,0.821,98.2,98.2,12.5,-0.7,4745.9,36.1,-0.6
"164",1999,"France","Foret de Rambouillet",48.68,1.81,7.5,1,28.39,2.39,0,0,0,0,"None","IV","Atlantic",0.639,0.746,52.2,52.2,12.2,1.3,1207.2,28,-0.9
"165",2013,"Romania","Fracea",45.48,25.01,0.22,1,10.46,7.87,1,1,1,3,"All","IV","Alpine",0.524,0.636,67.2,67.2,7.4,-8.9,24583.3,52.7,-0.5
"166",2014,"Spain","Fraga",41.41,0.1,4.5,1,19.57,4.37,0,0,0,0,"None","Not Reported","Mediterranean",0.363,0.36,32.5,32.5,17.7,3.4,700.2,4.8,-0.6
"167",2014,"Germany","Frankische Alb nord",49.75,11.99,5.5,1,21.79,2.32,0,0,0,0,"None","IV","Continental",0.591,0.651,63.1,63.1,11.1,-3.1,7927,36.5,-1.1
"168",2014,"Germany","Frankische Alb sued",49.32,11.72,2.75,1,18.68,1.9,0,0,0,0,"None","IV","Continental",0.559,0.639,69.7,69.7,11.3,-3,9344.6,29.2,-1.1
"169",2001,"Norway","Fusa",60.2,5.75,0.9,1,20.27,7.97,0,0,0,0,"None","I","Atlantic",0.449,0.521,224.7,224.7,10.1,-1.1,17368.3,35.5,0.4
"170",3000,"UK","Galloway_Forest",54.99,-4.37,10,1,24.88,1.98,0,0,0,0,"None","II","Atlantic",0.591,0.655,125,125,9.3,1,4368.4,33.9,0.4
"171",2003,"France","Garavagne-Cheiron (2003)",44.33,7.02,3.5,1,8.43,5.93,0,1,0,1,"Wolf_only","II","Alpine",0.25,0.422,87.5,87.5,6.3,-6.1,57147.6,15.7,-0.9
"172",2010,"France","Gard",44.19,3.86,1,1,17.19,5.05,0,0,0,0,"None","II","Mediterranean",0.697,0.812,66.9,66.9,12.9,0.9,863.6,44.5,-1
"173",1998,"Hungary","Gemenc",46.27,19.19,3.5,1,23.18,0.21,0,0,0,0,"None","IV","Pannonian",0.528,0.497,47,47,15,-1.5,6334.2,10.2,-0.4
"174",2010,"France","Gironde",44.98,-0.97,1,1,17.36,2.54,0,0,0,0,"None","IV","Atlantic",0.667,1.002,76.7,76.7,13.9,3.3,682.4,37.1,-0.8
"175",1994,"UK","Glen Feshie",57.01,-3.92,20,1,17.34,4.28,0,0,0,0,"None","II","Atlantic",0.433,0.363,131,131,7,-1.7,14958.8,23.6,0.2
"176",1994,"UK","Glen Tar",57.06,-2.84,16,1,20.97,5.09,0,0,0,0,"None","II","Atlantic",0.614,0.556,72.7,72.7,8.7,0.1,11262.5,33.4,0
"177",3000,"UK","Glenbranter_Forest",56.13,-5.04,12,1,20.25,4.24,0,0,0,0,"None","IV","Atlantic",0.545,0.585,155.9,155.9,9.3,1.1,6018.7,32.6,0.5
"178",2017,"Belarus","Gomel",52.28,30.98,0.45,1,24.41,2.98,0,0,0,0,"None","Not Protected","Continental",0.486,0.557,49.7,49.7,12.6,-6.9,13159.1,28.1,-0.7
"179",3000,"Croatia","Gorski_kotar",45.53,14.66,1.19,1,17.46,6.5,1,1,1,3,"All","Not Reported","Alpine",0.657,0.821,131.1,131.1,11,-3.2,9752.5,66.9,-0.6
"180",2014,"Poland","Grudzi?dzki",53.45,18.75,1.07,1,36.33,0.37,0,0,0,0,"None","Not Reported","Continental",0.484,0.551,47.1,47.1,12.3,-3.2,9537.6,13,-0.8
"181",2017,"Latvia","Gulbene",57.31,26.81,0.5,1,18.1,1.71,0,1,1,2,"Wolf_lynx","III","Boreal",0.483,0.583,57.7,57.7,10.9,-6.8,18280.1,30.4,-0.2
"182",2001,"Norway","Gulen",61,5.09,0.5,1,14.66,8.48,0,0,0,0,"None","I","Atlantic",0.42,0.52,232.4,232.4,10.4,0,14910.8,28.6,0.3
"183",2014,"Germany","Hainich unmanaged forest",51.08,10.44,5.3,0,26.36,4.36,0,0,0,0,"None","II","Continental",0.543,0.611,61.6,61.6,11.1,-2.2,5254.9,22.6,-0.8
"184",2006,"Hungary","Hajosszentgyorg",46.63,19.67,6,1,26.03,0.34,0,0,0,0,"None","II","Pannonian",0.517,0.515,46,46,15.2,-1.7,5803.3,8.1,-0.3
"185",2014,"Hungary","Hajosszentgyorgy",46.4,19.12,7.6,1,26.47,0.09,0,0,0,0,"None","IV","Pannonian",0.512,0.51,45.9,45.9,15.2,-1.3,5840.8,8.3,-0.3
"186",2001,"Norway","Hangesund",59.44,5.29,0.5,1,32.49,5.09,0,0,0,0,"None","I","Atlantic",0.508,0.64,156.4,156.4,11.5,0.3,10180,22.2,0.2
"187",2001,"Norway","Haran",62.56,6.42,2.2,1,28.21,7.66,0,0,0,0,"None","I","Atlantic",0.429,0.519,141.1,141.1,10.2,-0.4,11619.2,23.3,0
"188",2001,"Norway","Hareid",62.37,5.98,4,1,31.43,7.66,0,0,0,0,"None","I","Atlantic",0.373,0.529,154,154,10.1,-0.3,13983,17.8,0.1
"189",2010,"France","Haut Rhin",47.98,7.19,3,1,23.23,5.5,0,0,1,1,"Lynx_only","IV","Continental",0.662,0.729,80.9,80.9,11.5,-1.1,3870.8,40.7,-0.8
"190",2010,"France","Haute Garonne",43.13,0.89,3,1,28.42,1.17,0,0,0,0,"None","IV","Atlantic",0.655,0.835,85.5,85.5,13.7,2.2,751,17.7,-1.1
"191",2010,"France","Haute Loire",45.03,3.55,3,1,25.05,2.81,0,0,0,0,"None","IV","Continental",0.651,0.804,62.4,62.4,10.4,-1.5,5424,27.3,-1.1
"192",2010,"France","Haute Marne",47.94,5.12,1,1,21.48,5.62,0,0,0,0,"None","II","Continental",0.614,0.774,66,66,12.4,-0.3,2206.5,31.1,-0.8
"193",2010,"France","Haute Saone",47.41,5.87,1,1,20.97,3.67,0,0,0,0,"None","IV","Continental",0.644,0.771,85.9,85.9,13,0.1,1369,25.4,-0.6
"194",2010,"France","Haute Savoie",46.17,6.57,3,1,20.01,3.41,0,1,0,1,"Wolf_only","IV","Alpine",0.533,0.738,112.2,112.2,9.2,-3.6,28690.8,42.3,-0.5
"195",2010,"France","Haute Vienne",45.78,1.12,1,1,30.31,0.6,0,0,0,0,"None","IV","Continental",0.68,0.797,80.6,80.6,12.2,1.3,979.2,13.9,-0.8
"196",1995,"Belgium","Hautes-Fagnes Elsenborn",50.47,6.22,4.75,1,20.33,2,0,0,0,0,"None","II","Continental",0.611,0.697,97.3,97.3,10.3,-1.8,9984.3,32.9,-0.8
"197",1995,"Belgium","Hautes-Fagnes Hertogenwald",50.34,6.02,4,1,22.35,1.41,0,0,0,0,"None","IV","Continental",0.647,0.725,91.5,91.5,11.1,-1,6777.3,32.8,-0.8
"198",1995,"Belgium","Hautes-Fagnes Walhorn and Eupen",50.68,6.05,3.78,1,33.84,2.04,0,0,0,0,"None","IV","Atlantic",0.683,0.718,81.2,81.2,11.9,0.2,4456.8,28.2,-0.8
"199",2010,"France","Hautes Alpes",44.72,6.84,3,1,8.92,5.2,0,1,0,1,"Wolf_only","I","Alpine",0.294,0.463,95.5,95.5,5.5,-7.1,54828.3,21.1,-0.9
"200",2010,"France","Hautes Pyrenees",42.91,-0.05,5,1,24.54,6,1,0,0,1,"Bear_only","II","Alpine",0.486,0.724,99.4,99.4,9.6,-2,28653.1,31.7,-0.9
"201",2010,"France","Herault",43.66,3.14,1,1,23.18,4.79,0,0,0,0,"None","V","Continental",0.671,0.879,58.1,58.1,13.7,1.6,483.4,37.1,-1.3
"202",2006,"Belgium","Hertogenwald",50.35,6.05,5,1,22.2,1.32,0,0,0,0,"None","IV","Continental",0.641,0.719,91.8,91.8,11,-1.1,7225.5,30.3,-0.8
"203",2014,"Germany","Hessen 1",50.74,8.42,0.75,1,23.95,2.88,0,0,0,0,"None","IV","Continental",0.599,0.677,72.3,72.3,11.3,-1.4,4526.5,40.1,-1.1
"204",2014,"Germany","Hessen 2",50.56,9.52,0.75,1,26.6,3.73,0,0,0,0,"None","IV","Continental",0.607,0.659,70.7,70.7,11.1,-2.2,4866.3,28.1,-1.1
"205",2014,"Germany","Hessen 3",51.02,8.91,0.75,1,23.55,4.04,0,0,0,0,"None","II","Continental",0.603,0.67,65.1,65.1,11,-1.7,5249.3,34.5,-1.1
"206",2014,"Germany","Hessen 4",50.82,9.78,2.75,1,33.4,2.6,0,0,0,0,"None","IV","Continental",0.58,0.636,62.6,62.6,11,-2.1,4858.2,24.4,-1
"207",2014,"Germany","Hessen 5",51.07,9.75,2.75,1,28.73,3.47,0,0,1,1,"Lynx_only","IV","Continental",0.6,0.65,64.1,64.1,10.9,-2,4505.8,28.8,-0.9
"208",2014,"Germany","Hessen 6",50.28,8.46,2.75,1,23.39,3.76,0,0,0,0,"None","IV","Continental",0.632,0.64,70.2,70.2,11.1,-1.6,3694,44,-1.2
"209",2010,"UK","High Meadow",51.84,-2.63,15,1,28.34,0.23,0,0,0,0,"None","IV","Atlantic",0.673,0.685,69,69,11.1,1.8,1523.4,20.4,0.3
"210",2009,"Estonia","Hiiumaa",58.88,22.64,0.56,1,17.94,3.54,0,0,1,1,"Lynx_only","IV","Boreal",0.536,0.775,52,52,11.9,-4.9,14925.9,48.4,-0.7
"211",2001,"Norway","Hitra",63.54,8.8,1.7,1,16.94,9.02,0,0,0,0,"None","I","Atlantic",0.481,0.506,99.9,99.9,9.5,-1.8,18287.2,31.1,-0.3
"212",2017,"Belarus","Hluski",52.87,28.74,0.35,1,19.51,3.37,0,0,0,0,"None","Not Protected","Continental",0.504,0.58,53.3,53.3,11.9,-6.7,12570,31.3,-0.5
"213",2000,"Netherlands","Hoog-Soeren",52.21,5.86,5,1,27.46,3.26,0,0,0,0,"None","II","Atlantic",0.623,0.718,74.2,74.2,11.9,0.6,3172.4,39.1,-0.5
"214",3000,"Netherlands","Hoog_Soeren",52.23,5.86,1.5,1,27.15,3.2,0,0,0,0,"None","IV","Atlantic",0.63,0.73,74.2,74.2,11.9,0.6,3168.3,38.9,-0.5
"215",2017,"Belarus","Horacki",54.28,31.08,0.45,1,22.44,0.06,0,0,0,0,"None","Not Protected","Boreal",0.384,0.52,53,53,11.6,-8,18120.7,5.4,-0.5
"216",3000,"Czech Republic","Hostenicky_Forest",49.25,16.75,3,1,32.38,1.54,0,0,0,0,"None","III","Continental",0.556,0.585,46.9,46.9,11.7,-3,5538.2,33.9,-0.7
"217",2013,"Romania","Huluba",45.05,25.05,0.22,1,22.41,5.06,0,1,0,1,"Wolf_only","IV","Continental",0.598,0.682,52.5,52.5,12.5,-3.8,9265.2,37.9,-0.6
"218",2014,"Germany","Hunsrueck 1",49.61,6.75,5.5,1,22.44,3.15,0,0,0,0,"None","IV","Continental",0.65,0.712,83.8,83.8,10.6,-1.6,4405.2,42.5,-1.1
"219",2014,"Germany","Hunsrueck 2",49.78,7.21,2.75,1,23.2,3.15,0,0,0,0,"None","II","Continental",0.628,0.689,80.2,80.2,10.3,-2.1,5279.5,42,-1.1
"220",2001,"Norway","Hyllestad",61.19,5.34,2,1,16.72,8.29,0,0,0,0,"None","I","Atlantic",0.427,0.495,279,279,10.1,-0.7,20662.5,34.2,0.4
"221",1996,"Switzerland","Il Fuorn",46.66,10.21,15,NA,16.93,8.02,0,0,0,0,"None","I","Alpine",0.2,0.231,70.2,70.2,4.4,-10.6,58725.8,17.1,-0.7
"222",2011,"Poland","Ilawa",53.47,20.3,10.7,1,20.26,2.14,0,1,1,2,"Wolf_lynx","IV","Continental",0.48,0.574,51,51,11.9,-4.3,13152.2,21,-0.9
"223",2010,"France","Ile et Vilaine",48.01,-2.09,3,1,17.39,0.99,0,0,0,0,"None","Not Reported","Atlantic",0.678,0.763,70,70,12.7,3.4,566.4,16.3,-0.3
"224",2010,"France","Indre",46.72,1.37,7,1,17.8,2.52,0,0,0,0,"None","IV","Atlantic",0.655,0.736,62.2,62.2,13.4,1.9,994.5,19.9,-0.9
"225",2010,"France","Indre Loire",47.18,0.62,5,1,28.85,0.38,0,0,0,0,"None","V","Atlantic",0.568,0.651,57.1,57.1,13.1,2.2,1303.8,7.4,-0.8
"226",2010,"France","Isere",45.2,5.62,1,1,33.29,3.01,0,1,1,2,"Wolf_lynx","I","Alpine",0.561,0.802,93,93,11.7,-1.5,11570.2,36.6,-1
"227",3000,"UK","Isle of Mull",56.42,-6.17,15.06,1,20.27,3.08,0,0,0,0,"None","III","Atlantic",0.453,0.581,168,168,10.4,2.9,3360.7,11.6,0.3
"228",2000,"UK","Isle of Rum North Block",57.25,-6.07,29.17,1,18.49,2.72,0,0,0,0,"None","III","Atlantic",0.429,0.479,169.4,169.4,10,1.8,6271.3,19.5,0.2
"229",3000,"UK","Isle_of_Rum",57.02,-6.28,10.4,1,14.79,NA,0,0,0,0,"None","II","Atlantic",0.39,0.505,159.2,159.2,10.4,2.4,3792.6,7.2,0.2
"230",2017,"Belarus","Ivanauski",52.25,25.52,0.15,1,21.72,1.52,0,0,0,0,"None","Not Protected","Continental",0.483,0.581,50,50,11.9,-5.7,11269.4,16.9,-0.6
"231",2017,"Latvia","Jaunjelgava",56.45,25.27,1.5,1,17.06,2.35,0,1,0,1,"Wolf_only","IV","Boreal",0.555,0.62,54.3,54.3,11.4,-6.3,14401.6,45.5,-0.3
"232",2017,"Latvia","Jelgava",56.53,23.85,1.5,1,22.34,0.21,0,0,0,0,"None","Not Protected","Boreal",0.439,0.511,49.6,49.6,12.7,-5.6,17443.7,10.5,-0.5
"233",2001,"Czech Republic","Jeseniky Mountains",50.08,17.27,20,1,16.01,5.69,0,0,1,1,"Lynx_only","III","Continental",0.593,0.607,66.8,66.8,8.4,-5.9,15648.9,54.7,-1.1
"234",2001,"Norway","Jolster",61.57,6.55,1.7,1,12.15,7.47,0,0,0,0,"None","I","Alpine",0.182,0.226,179,179,5.3,-6,27752.7,13.4,0.2
"235",3000,"Poland","Jozefow",50.42,22.93,1,1,15.6,3.97,0,1,1,2,"Wolf_lynx","IV","Continental",0.537,0.597,49.5,49.5,12,-4.5,10249.2,29.5,-0.7
"236",2010,"France","Jura",46.41,6,1,1,21.34,4.39,0,0,1,1,"Lynx_only","I","Continental",0.577,0.78,114.7,114.7,9.5,-3,25007.5,48.8,-0.6
"237",2017,"Belarus","Kalinkavicki",52.25,29.49,0.15,1,20.56,2.56,0,0,0,0,"None","Not Protected","Continental",0.501,0.559,52.7,52.7,12.2,-6.4,12168.2,29.4,-0.5
"238",2017,"Latvia","Kandava",56.91,22.58,5,1,18.1,1.24,0,1,1,2,"Wolf_lynx","II","Boreal",0.509,0.639,54.1,54.1,11.9,-5.1,16054.3,30.4,-0.5
"239",2017,"Belarus","Karmianski",53.42,31.45,0.25,1,19.09,5.98,0,0,0,0,"None","Not Protected","Boreal",0.533,0.611,52.2,52.2,11.9,-7.7,12446.6,42.7,-0.5
"240",3000,"Austria","Karnten",46.75,14.25,2.43,1,20.7,1.93,0,0,0,0,"None","IV","Alpine",0.608,0.784,97.9,97.9,11,-4.9,14066.3,39.2,-0.5
"241",2017,"Latvia","Karsava",56.79,27.8,0.5,1,22.79,3.6,0,1,1,2,"Wolf_lynx","IV","Boreal",0.481,0.569,50.3,50.3,11.3,-7.6,17262,28.3,-0.4
"242",3000,"Russia","Kavkazkii_Reserve",43.83,41.33,1.33,NA,NA,0,0,0,0,0,"None","Not Protected","Alpine",0.585,0.943,72.6,72.6,9.4,-7.2,10770.9,59.7,-0.6
"243",2010,"UK","King's Forest",52.33,0.65,26.5,1,31.79,0.09,0,0,0,0,"None","IV","Atlantic",0.582,0.614,52.3,52.3,11.7,1.8,1818.5,12.9,-0.2
"244",2014,"Sweden","Kolmarden",59.3,16.72,3.2,1,21.56,1.52,0,0,1,1,"Lynx_only","I","Boreal",0.551,0.633,48.3,48.3,11.1,-5.1,19738.8,36.5,0
"245",2018,"Serbia","Kovin",44.74,21.01,2.14,1,32.74,0.78,0,0,0,0,"None","III","Continental",0.434,0.472,54.4,54.4,15.3,-0.7,6374.5,6.1,-0.7
"246",2014,"Poland","Kraje?sk",53.17,17.98,4.21,1,39.97,0.69,0,1,0,1,"Wolf_only","Not Reported","Continental",0.511,0.562,45.9,45.9,12.5,-3,7447.7,28.6,-0.8
"247",2010,"Czech Republic","Kralicky Sneznik Reserve",50.15,16.83,33.7,1,22.43,2.76,0,0,1,1,"Lynx_only","III","Continental",0.519,0.623,58.9,58.9,9.4,-5.3,15604.7,37.1,-1
"248",2017,"Latvia","Kraslava",55.96,27.06,0.5,1,26.19,1.79,0,0,0,0,"None","II","Boreal",0.473,0.579,53.1,53.1,11.1,-7.5,16656.6,25.4,-0.6
"249",2017,"Latvia","Kraslava.2",55.87,27.55,0.5,1,28,2.58,0,0,0,0,"None","IV","Boreal",0.456,0.572,52.3,52.3,11.2,-7.5,16630.4,23,-0.6
"250",2015,"Slovakia","Kremnica Mountains",48.69,19,3.51,1,24.72,4.91,0,0,1,1,"Lynx_only","I","Alpine",0.6,0.7,73.9,73.9,9.8,-5.4,12420.7,50,-0.3
"251",2018,"Slovakia","Kremnicke Vrchy Mountains",48.65,19,2.17,1,26.47,4.86,0,0,1,1,"Lynx_only","I","Alpine",0.605,0.715,69.4,69.4,10.3,-5,10418.4,48.1,-0.3
"252",2017,"Belarus","Kruhlianski",54.17,29.58,0.65,1,17.63,4.23,0,0,0,0,"None","Not Protected","Boreal",0.484,0.586,54.1,54.1,11.4,-7.6,14666.6,30.1,-0.6
"253",2017,"Belarus","Krupski",54.4,29.13,0.25,1,20.08,2.99,0,0,0,0,"None","IV","Boreal",0.44,0.562,55.9,55.9,11.6,-7.5,16382.7,16.6,-0.6
"254",2014,"Poland","Kujawski",53.07,18.03,1.68,1,39.22,1.09,0,1,0,1,"Wolf_only","IV","Continental",0.521,0.565,45.3,45.3,12.5,-3.1,7304.5,29.5,-0.8
"255",2017,"Latvia","Kuldiga",56.79,21.81,3,1,20.4,0.97,0,1,0,1,"Wolf_only","III","Boreal",0.494,0.656,65.2,65.2,12.2,-5,15729.4,22.1,-0.4
"256",2001,"Norway","Kvam",60.41,6.12,0.5,1,26.14,7.03,0,0,0,0,"None","I","Alpine",0.274,0.312,221.1,221.1,8.4,-3.9,31646.1,22,0.4
"257",2001,"Norway","Kvinnherad",60.06,6.1,1.5,1,18.49,8.01,0,0,0,0,"None","I","Alpine",0.284,0.324,215.2,215.2,8,-3.4,22354.7,20.1,0.4
"258",2015,"Hungary","Labod region",46.18,17.5,0.83,1,22.15,1.93,0,0,0,0,"None","IV","Pannonian",0.584,0.586,60,60,14.6,-0.9,3852.3,27.5,-0.6
"259",2001,"Norway","Laerdal",61,7.72,0.8,1,9.48,8.19,0,0,0,0,"None","I","Alpine",0.171,0.161,94,94,3.5,-10.5,31110.8,15.3,0.3
"260",2011,"Italy","Lago Revine",46,12.16,1.5,1,21.34,3.03,0,0,0,0,"None","Not Reported","Alpine",0.645,0.737,82.3,82.3,13.2,-2,4831.1,41.8,-0.5
"261",2011,"Italy","Lamar",46.12,11.06,2,1,31.57,3.18,1,0,1,2,"Bear_lynx","IV","Alpine",0.569,0.755,51.7,51.7,11.8,-2.4,10138.1,39.1,-0.8
"262",2010,"France","Landes",43.96,-1.07,1,1,13.54,0.11,0,0,0,0,"None","Not Reported","Atlantic",0.647,0.919,95,95,14.2,3.2,830.6,38.6,-0.9
"263",2017,"Latvia","Latvia",56.28,27.62,1.5,1,17.81,3.4,0,1,0,1,"Wolf_only","II","Boreal",0.465,0.59,51.6,51.6,10.8,-7.9,17061.6,33.3,-0.5
"264",2013,"Romania","Leaota",45.32,25.3,0.24,1,17.67,7.92,1,1,1,3,"All","I","Alpine",0.615,0.681,61.3,61.3,8.9,-7.7,16291,59.3,-0.6
"265",2015,"Austria","Lechtal",47.2,10.32,5.6,1,22.99,6.85,0,0,0,0,"None","IV","Alpine",0.311,0.412,105.6,105.6,6,-8.2,46460.2,23.6,-0.4
"266",2010,"Slovenia","Leskova doli",45.6,14.47,3,1,11.73,7,1,1,1,3,"All","V","Alpine",0.667,0.793,143.3,143.3,10,-4.3,10899.9,69.5,-0.5
"267",2015,"UK","Liathach",57.57,-5.45,4.7,1,18.58,4.61,0,0,0,0,"None","II","Atlantic",0.372,0.358,196.9,196.9,8.6,0.4,10905.6,18.4,0.2
"268",2013,"Liechtenstein","Liechtenstein",47.1,9.4,3,1,28.85,3.14,0,0,1,1,"Lynx_only","I","Alpine",0.514,0.649,115.3,115.3,10.2,-3.3,25757.4,31.6,-0.4
"269",2017,"Latvia","Limbazi",57.58,24.51,0.5,1,20.03,2.63,0,1,1,2,"Wolf_lynx","III","Boreal",0.525,0.701,53.6,53.6,11.8,-6.6,15453.5,39.5,-0.2
"270",2001,"Norway","Lindas",60.62,5.34,0.5,1,26.51,6.17,0,0,0,0,"None","I","Atlantic",0.502,0.596,194.8,194.8,10.7,-0.2,11924.4,38.3,0.4
"271",2010,"France","Loire Atl",47.53,-1.77,1,1,16.7,0.71,0,0,0,0,"None","Not Reported","Atlantic",0.687,0.799,66.2,66.2,13.1,3.5,414,11.5,-0.5
"272",2010,"France","Loire Cher",47.43,1.45,3,1,25.26,2.19,0,0,0,0,"None","Not Reported","Atlantic",0.577,0.654,56.3,56.3,13.2,1.7,812.6,14.1,-0.9
"273",2010,"France","Loiret",48.03,2.3,3,1,22.8,3.09,0,0,0,0,"None","Not Reported","Atlantic",0.607,0.722,53.8,53.8,12.7,1.2,786.7,21.6,-0.9
"274",2017,"Belarus","Lojauski",51.98,30.63,0.15,1,24.33,1.56,0,0,0,0,"None","Not Reported","Continental",0.471,0.544,48.5,48.5,12.5,-6.9,14046.7,21.4,-0.7
"275",2015,"Portugal","Lombada tiol Hunting Area",41.98,-7.2,5.81,1,18.08,2.59,0,1,0,1,"Wolf_only","V","Mediterranean",0.581,0.732,109.5,109.5,12.5,2,607.1,24.6,-0.4
"276",2019,"Croatia","Lonjsko Polje Nature Park - opeke",45.38,16.82,0.84,1,26.45,5.16,0,0,0,0,"None","Not Reported","Continental",0.583,0.666,78.9,78.9,14.4,-0.6,3977.5,35,-0.7
"277",2019,"Croatia","Lonjsko Polje Nature Park - Posavske Sume",45.3,16.7,0.33,1,24.15,5.16,0,1,0,1,"Wolf_only","Not Reported","Continental",0.623,0.727,81.2,81.2,14.2,-0.7,4535.6,42.9,-0.8
"278",2011,"Italy","Losego",46.14,12.28,2.6,1,28.73,3.56,0,0,0,0,"None","I","Alpine",0.577,0.673,85.1,85.1,12.1,-3.2,5771.4,39.8,-0.5
"279",2010,"France","Lot",44.58,1.25,1,1,21.57,1.54,0,0,0,0,"None","III","Atlantic",0.67,0.828,73.4,73.4,13.2,2.1,447.2,23.6,-1.1
"280",2010,"France","Lot Garonne",44.52,0.75,1,1,27.4,0.13,0,0,0,0,"None","Not Protected","Atlantic",0.583,0.719,77.9,77.9,13.6,2.6,667.7,8.5,-1.1
"281",2017,"Portugal","Lousa Mountains",40.05,-8.25,3.1,1,21.42,1.9,0,0,0,0,"None","Not Reported","Mediterranean",0.672,0.819,100.2,100.2,13.6,5.2,426.6,41.9,-0.4
"282",2010,"UK","Lower Woods",51.58,-2.37,6.7,1,33.77,0,0,0,0,0,"None","IV","Atlantic",0.668,0.694,68.6,68.6,11.2,1.9,1505.5,8.8,0.3
"283",2010,"France","Lozere",44.66,3.47,1,1,20.37,2.67,0,0,0,0,"None","V","Continental",0.586,0.792,91.8,91.8,8.9,-2.6,12370.6,27.1,-1.1
"284",2017,"Latvia","Ludza",56.37,27.9,0.5,1,19.06,2.48,0,0,1,1,"Lynx_only","III","Boreal",0.47,0.574,51.7,51.7,11,-7.8,17545.2,28.9,-0.5
"285",2011,"Germany","Lusatian heath",51.71,14.41,0.78,1,37.44,0.87,0,1,0,1,"Wolf_only","IV","Continental",0.545,0.535,50.8,50.8,13,-1.4,5509.3,24.8,-0.9
"286",2001,"Norway","Luster",61.58,7.4,0.5,1,9.73,8.73,0,0,1,1,"Lynx_only","II","Alpine",0.117,0.167,118.8,118.8,3.7,-10.9,29213.9,10.1,0.2
"287",2017,"Latvia","Madona",56.75,26.13,1.5,1,20.61,1.8,0,1,1,2,"Wolf_lynx","II","Boreal",0.48,0.584,62.4,62.4,11.1,-7.4,17843.2,30.9,-0.2
"288",2010,"France","Maine Loire",47.42,0.03,1,1,24.93,1,0,0,0,0,"None","V","Atlantic",0.651,0.732,58.2,58.2,12.9,2.5,1216.9,21.2,-0.7
"289",2017,"Belarus","Maladziecankaski",54.25,26.87,0.25,1,28.19,1.7,0,0,0,0,"None","Not Protected","Boreal",0.445,0.575,53.4,53.4,11.2,-7.5,13755.8,16.5,-0.6
"290",2011,"UK","Mar Lodge Estate",57,-3.35,13.63,1,19.67,6.27,0,0,0,0,"None","II","Atlantic",0.49,0.435,103.9,103.9,7.3,-1.7,16092.8,27,0.1
"291",2010,"France","Marne",49.06,4.08,3,1,35.12,3.05,0,0,0,0,"None","IV","Continental",0.54,0.618,51.6,51.6,12.1,0.5,1254.3,16.2,-1.1
"292",2001,"Norway","Masfjorden",60.89,5.64,0.7,1,11.52,8.77,0,0,0,0,"None","I","Alpine",0.231,0.259,286.2,286.2,8.2,-3.7,31035.7,19.9,0.4
"293",2003,"France","Massif de la Pitelle",45.19,2.9,11,1,15.78,0.92,0,0,0,0,"None","IV","Continental",0.59,0.781,77.3,77.3,9.2,-2.4,11553.9,14.6,-1
"294",1990,"France","Massif du Capcir",42.62,2.12,0.6,1,16.98,5.82,1,1,0,2,"Bear_wolf","IV","Alpine",0.512,0.738,102.9,102.9,8.4,-3.2,33516.9,37.4,-0.9
"295",2010,"France","Mayenne",48.26,-0.77,1,1,23.6,0.96,0,0,0,0,"None","Not Protected","Atlantic",0.676,0.744,65,65,12.4,2.6,1365.4,11.8,-0.5
"296",2014,"Germany","Mecklenburg-Vor 1",53.6,13.7,5.5,1,20.08,2.63,0,0,0,0,"None","IV","Continental",0.554,0.61,45.4,45.4,12.2,-1.7,5539,16.7,-0.7
"297",2014,"Germany","Mecklenburg-Vor 2",53.63,14.25,5.5,1,16.97,4.7,0,1,0,1,"Wolf_only","IV","Continental",0.624,0.679,44.4,44.4,12.4,-1.7,4719.7,40.4,-0.7
"298",2014,"Germany","Mecklenburg-Vor 3",53.87,13.75,2.75,1,34.19,0.89,0,0,0,0,"None","IV","Continental",0.523,0.668,48.5,48.5,12.4,-1.5,5022.6,12.5,-0.5
"299",2014,"Germany","Mecklenburg-Vor 4",54.37,13.44,0.75,1,33.8,1.59,0,0,0,0,"None","IV","Continental",0.534,0.795,50.5,50.5,12.5,-1.3,4843.6,13.6,-0.4
"300",2014,"Germany","Mecklenburg-Vor 5",54.19,12.38,2.75,1,31.8,3.11,0,0,0,0,"None","IV","Continental",0.594,0.712,51.7,51.7,13,-1.5,3748.4,24.5,-0.5
"301",2014,"Germany","Mecklenburg-Vor 6",53.84,11.79,0.75,1,27.07,1.17,0,0,0,0,"None","IV","Continental",0.569,0.693,52.2,52.2,12.7,-1.3,4712.5,16.9,-0.6
"302",2014,"Germany","Mecklenburg-Vor 7",53.69,12.46,2.75,1,31.06,1.64,0,0,0,0,"None","IV","Continental",0.552,0.617,47.9,47.9,12.5,-1.7,5462.2,15.4,-0.6
"303",2014,"Germany","Mecklenburg-Vor 8",53.32,11.27,2.75,1,23.25,2.43,0,1,0,1,"Wolf_only","V","Continental",0.603,0.644,51.5,51.5,12.4,-1.1,3972.2,24.4,-0.7
"304",1994,"UK","Meggernie",56.58,-4.37,15,1,19.31,4.37,0,0,0,0,"None","II","Atlantic",0.439,0.4,179.4,179.4,7,-1.5,14238.5,19,0.4
"305",2001,"Norway","Meland",60.55,5.14,1.2,1,32.85,6.04,0,0,0,0,"None","I","Atlantic",0.505,0.607,170.8,170.8,10.8,0.3,9590.5,36.4,0.3
"306",2017,"Latvia","Mersrags",57.32,23.02,3,1,23.51,3.77,0,1,0,1,"Wolf_only","II","Boreal",0.501,0.747,52,52,12,-4.7,10364.2,38.7,-0.5
"307",2010,"France","Meuse",48.83,5.47,1,1,29.46,4.13,0,0,0,0,"None","IV","Continental",0.593,0.697,58,58,12.2,-0.3,2138.5,22.6,-1
"308",2017,"Belarus","Mijorski",55.6,27.89,0.55,1,21.64,2.47,0,0,0,0,"None","IV","Boreal",0.457,0.571,53.3,53.3,11.3,-7.5,17108.6,24.4,-0.6
"309",2002,"Hungary","Mike",46.22,17.54,0.53,1,21.8,1.86,0,0,0,0,"None","Not Reported","Pannonian",0.584,0.593,59.2,59.2,14.6,-1,4036.5,27.1,-0.6
"310",2001,"Norway","Modalen",60.88,5.93,0.5,1,8.82,8.44,0,0,0,0,"None","I","Alpine",0.157,0.189,253.9,253.9,6.6,-5.3,33475.8,12.5,0.4
"311",2011,"Italy","Moggio",45.92,9.49,2.3,1,19.77,5.06,0,0,0,0,"None","Not Reported","Alpine",0.576,0.8,90.6,90.6,11.2,-2.6,15759.5,45.1,-0.5
"312",2011,"France","Moltifau/Castifau",42.49,9.11,1.31,0,16.42,7.34,0,0,0,0,"None","IV","Mediterranean",0.557,0.9,71.3,71.3,17,3.1,3794,23,-0.6
"313",2010,"Spain","Monfrague NP",39.83,-5.35,40,1,21.52,NA,0,0,0,0,"None","Not Reported","Mediterranean",0.432,0.438,35.2,35.2,17.2,4.7,303.5,3.9,-0.8
"314",2011,"Italy","Montarbu",39.85,9.39,2.96,0,18.02,4.04,0,0,0,0,"None","II","Mediterranean",0.659,0.914,60.3,60.3,15.8,3.2,934.4,33.7,-0.5
"315",2011,"Italy","Monte Acuto",43.15,12.28,13.83,0,31.54,1.06,0,0,0,0,"None","IV","Continental",0.56,0.635,61.6,61.6,16.7,2.5,681,13.2,-0.9
"316",2011,"Italy","Monte Arci",39.76,8.74,4.08,0,28.5,2.29,0,0,0,0,"None","Not Protected","Mediterranean",0.594,0.744,52.4,52.4,18.3,6.1,300.3,17.5,-0.3
"317",2007,"Italy","Monte Arcosu",39.11,8.51,25.5,0,33.99,0.43,0,0,0,0,"None","Not Reported","Mediterranean",0.47,0.925,52.6,52.6,19.1,7.3,227.8,5.8,-0.1
"318",2011,"Italy","Monticolo",46.25,11.17,0.5,1,26.04,4.16,1,0,0,1,"Bear_only","IV","Alpine",0.622,0.757,54.8,54.8,11.7,-2.5,6743.4,45.6,-0.7
"319",2011,"Italy","Montimannu",39.45,8.72,18.46,0,23.5,4.71,0,0,0,0,"None","Not Reported","Mediterranean",0.597,0.787,55.4,55.4,18.2,5.6,374.5,17.5,-0.2
"320",2006,"Czech Republic","Morava River",48.77,17.08,9.6,1,34.87,0.89,0,0,0,0,"None","III","Alpine",0.508,0.54,56.5,56.5,13.2,-2.1,6638,14.1,-0.4
"321",3000,"Czech Republic","Morava_river",48.83,17,12.8,1,34.24,0.78,0,0,0,0,"None","IV","Pannonian",0.493,0.525,53.6,53.6,13.2,-2.1,6755.3,11.1,-0.4
"322",2010,"France","Morbihan",47.84,-2.67,1,1,19,0.31,0,0,0,0,"None","V","Atlantic",0.683,0.79,76.5,76.5,12.8,4.1,791.2,13.9,-0.2
"323",3000,"Russia","Mordovskii_Reserve",54.78,43.45,0.08,1,NA,0,0,0,0,0,"None","I","Continental",0.492,0.559,43,43,12.6,-11.7,17525.4,45.9,-0.3
"324",2010,"France","Moselle",48.58,7.16,7,1,15.28,5.44,0,0,1,1,"Lynx_only","IV","Continental",0.724,0.736,82.8,82.8,10.9,-1.6,5751.5,56.2,-1
"325",2014,"Croatia","MOSLAVACKA GORA",45.65,16.71,4,1,15.99,6.42,0,0,0,0,"None","Not Reported","Continental",0.663,0.749,75.4,75.4,14.1,-0.8,3480.1,48.3,-0.8
"326",2010,"UK","Mundford",52.49,0.59,37,1,30.32,0.13,0,0,0,0,"None","IV","Atlantic",0.632,0.666,53.4,53.4,11.6,1.8,1862.6,17.9,-0.2
"327",2012,"Belarus","Naliboki Forest",53.9,26.42,0.99,0,14.4,5.97,0,0,0,0,"None","IV","Boreal",0.575,0.636,53.8,53.8,11.3,-6.6,9333.4,50.3,-0.6
"328",2001,"Norway","Namsos",64.41,11.52,1.7,1,28.56,8.06,0,0,1,1,"Lynx_only","I","Atlantic",0.427,0.461,104.3,104.3,9.9,-4.6,20080.9,32,-0.2
"329",2017,"Belarus","Naraulianski",51.81,29.43,0.15,1,25.07,3.18,0,0,0,0,"None","I","Continental",0.507,0.545,52.3,52.3,12.4,-6.3,10765,31.4,-0.7
"330",2015,"Belarus","Narochansky",54.89,26.55,0.07,1,19.94,5.18,0,0,0,0,"None","IV","Boreal",0.497,0.612,57.5,57.5,11.1,-7.1,13516,38,-0.5
"331",2010,"UK","Nash Wood",52.25,-3.05,4.2,1,18,0.72,0,0,0,0,"None","IV","Atlantic",0.686,0.606,89.2,89.2,10.5,1.3,2468.9,15,0.3
"332",3000,"Ukraine","National_Park_Skolivski_Beskydy",49.05,23.22,1.2,NA,16.32,6.05,0,0,0,0,"None","III","Alpine",0.576,0.699,97.8,97.8,8.5,-6.2,15173,55.5,-0.4
"333",2017,"Latvia","Nautreni",56.74,27.45,0.5,1,21.32,2.6,0,1,0,1,"Wolf_only","III","Boreal",0.469,0.563,50.6,50.6,11.2,-7.5,17707.3,22.9,-0.4
"334",2017,"Belarus","Niasvizski",53.26,26.65,0.25,1,25.07,0.97,0,0,0,0,"None","Not Protected","Continental",0.428,0.543,51.1,51.1,11.5,-7,14486.6,11.4,-0.5
"335",2014,"Germany","Niedersachsen 1",52.27,7.09,0.75,1,32.89,0.12,0,0,0,0,"None","IV","Atlantic",0.632,0.669,65.2,65.2,11.8,0.3,2733.2,18,-0.7
"336",2014,"Germany","Niedersachsen 2",51.82,9.56,0.75,1,27.91,3.65,0,0,0,0,"None","IV","Continental",0.602,0.647,78.9,78.9,11,-1.2,5498.7,37.3,-0.8
"337",2014,"Germany","Niedersachsen 3",51.72,10.45,5.5,1,16.5,4.65,0,0,0,0,"None","II","Continental",0.617,0.62,102.8,102.8,9.8,-3.5,8981.2,60.1,-0.6
"338",2014,"Germany","Niedersachsen 4",52.66,10.4,0.75,1,23.76,2.41,0,0,0,0,"None","IV","Atlantic",0.581,0.63,58.6,58.6,11.8,-1.2,3942.1,22.2,-0.8
"339",2014,"Germany","Niedersachsen 5",52.9,10.32,2.75,1,18.2,3.93,0,1,0,1,"Wolf_only","IV","Atlantic",0.622,0.665,63.2,63.2,11.2,-1.5,4145.3,40.6,-0.8
"340",2014,"Germany","Niedersachsen 6",53.04,10.39,0.75,1,22.5,2.11,0,1,0,1,"Wolf_only","IV","Atlantic",0.57,0.629,59.4,59.4,11.3,-1.4,4330.5,22.3,-0.8
"341",2014,"Germany","Niedersachsen 7",53.04,11.37,0.75,1,22.47,2.54,0,0,0,0,"None","IV","Continental",0.618,0.638,47,47,12.5,-0.9,3978.3,25.4,-0.7
"342",2014,"Germany","Niedersachsen 8",53.17,9.87,5.5,1,20.26,3.25,0,0,0,0,"None","IV","Atlantic",0.615,0.68,64.1,64.1,11.2,-1.2,3828.5,33.3,-0.9
"343",2010,"France","Nievre",46.99,3.64,1,1,17.09,2.43,0,0,0,0,"None","V","Continental",0.657,0.759,64.2,64.2,13,0.5,675.5,15.5,-0.9
"344",2010,"France","Nord",44.66,2.12,1,1,24.39,1.7,0,0,0,0,"None","Not Reported","Atlantic",0.696,0.851,61.6,61.6,12.7,1.2,741.1,19.4,-1.4
"345",2014,"Germany","Nordrhein-West 1",51.88,8.87,2.75,1,29.49,1.03,0,0,0,0,"None","IV","Atlantic",0.589,0.656,82.2,82.2,11.6,-0.1,4545.9,30.4,-0.8
"346",2014,"Germany","Nordrhein-West 2",51.43,8.23,2.75,1,23.14,1.96,0,0,0,0,"None","IV","Atlantic",0.631,0.659,89.8,89.8,10.9,-0.7,5250.4,43.3,-0.9
"347",2014,"Germany","Nordrhein-West 3",51.12,8.26,2.75,1,19.04,3.01,0,0,0,0,"None","IV","Continental",0.61,0.699,98.2,98.2,10.4,-1.8,8427.3,43.6,-0.8
"348",2014,"Germany","Nordrhein-West 4",51,6.31,2.75,1,32.13,0,0,0,0,0,"None","IV","Atlantic",0.533,0.606,61.5,61.5,12.5,0.9,2469.8,6.6,-0.9
"349",2014,"Germany","Nordrhein-West 5",50.84,7.58,0.75,1,21.01,1.34,0,0,0,0,"None","IV","Continental",0.656,0.71,91.2,91.2,11.6,-0.6,4058.8,33.8,-0.9
"350",2014,"Germany","Nordrhein-West 6",51.72,6.83,5.5,1,24.38,0.41,0,0,0,0,"None","IV","Atlantic",0.645,0.68,68,68,12.1,0.8,2728.7,20.4,-0.8
"351",3000,"Norway","North_Troendelag",64.4,11,1.07,1,12.34,9.07,0,0,1,1,"Lynx_only","I","Atlantic",0.424,0.468,117.2,117.2,8.8,-4.2,22011.8,28.9,-0.2
"352",2014,"Germany","Northernmost",54.8,9.27,0.75,1,34.76,0.03,0,0,0,0,"None","IV","Atlantic",0.584,0.701,73.1,73.1,11.8,-0.5,4902.4,12.1,-0.7
"353",3000,"Slovenia","Notranjsko_South_Central_Slovenia",45.62,14.36,1.46,1,13.04,6.23,1,1,1,3,"All","V","Alpine",0.659,0.799,143.3,143.3,10.7,-3.5,8994.7,60.5,-0.5
"354",2014,"Germany","Odenwald",49.53,9.02,2.75,1,21.95,5.33,0,0,0,0,"None","IV","Continental",0.674,0.658,86.3,86.3,11.2,-1.8,4528,50,-1.2
"355",2017,"Latvia","Ogre",56.81,24.96,0.5,1,20.68,1.6,0,1,0,1,"Wolf_only","II","Boreal",0.493,0.6,55.1,55.1,11.5,-7,17475.3,28.6,-0.2
"356",2010,"France","Oise",49.23,2.65,5,1,34.43,3.05,0,0,0,0,"None","V","Atlantic",0.587,0.688,53.1,53.1,12.1,1.2,1309.6,20.4,-1.1
"357",1987,"Denmark","Oksbol",55.64,8.27,4.57,1,30.49,0.89,0,0,0,0,"None","IV","Atlantic",0.555,0.742,68.8,68.8,13.2,-0.9,5572.1,16,-0.6
"358",2017,"Latvia","Olaine",56.77,24.08,0.5,1,24.62,0.36,0,0,0,0,"None","IV","Boreal",0.538,0.649,52.1,52.1,12.7,-5.6,15319.7,40,-0.4
"359",2011,"Netherlands","Oostvaardersplassen",52.45,5.37,44.64,1,30.81,1.68,0,0,0,0,"None","II","Atlantic",0.473,0.675,66.7,66.7,12.5,0.7,3289.9,10.3,-0.5
"360",2002,"Romania","Oravifa",45.09,21.84,1,1,19.11,6.97,1,1,1,3,"All","II","Continental",0.538,0.653,60.1,60.1,14.3,-1.6,6198.7,20.9,-0.7
"361",2002,"Romania","Oravifa",45.09,21.84,1,1,19.11,6.97,1,1,1,3,"All","II","Continental",0.628,0.749,65,65,12.1,-3.2,8298.9,55.7,-0.6
"362",2002,"Romania","Oravifa",45.09,21.84,1,1,19.11,6.97,1,1,1,3,"All","II","Continental",0.593,0.655,61.8,61.8,13.1,-2.1,6201.3,35.3,-0.7
"363",2002,"Romania","Oravifa",45.28,21.86,1,1,27.08,5.1,0,1,1,2,"Wolf_lynx","II","Continental",0.538,0.653,60.1,60.1,14.3,-1.6,6198.7,20.9,-0.7
"364",2002,"Romania","Oravifa",45.28,21.86,1,1,27.08,5.1,0,1,1,2,"Wolf_lynx","II","Continental",0.628,0.749,65,65,12.1,-3.2,8298.9,55.7,-0.6
"365",2002,"Romania","Oravifa",45.28,21.86,1,1,27.08,5.1,0,1,1,2,"Wolf_lynx","II","Continental",0.593,0.655,61.8,61.8,13.1,-2.1,6201.3,35.3,-0.7
"366",2002,"Romania","Oravifa",45.04,21.68,1,1,24.28,5.78,1,1,1,3,"All","II","Continental",0.538,0.653,60.1,60.1,14.3,-1.6,6198.7,20.9,-0.7
"367",2002,"Romania","Oravifa",45.04,21.68,1,1,24.28,5.78,1,1,1,3,"All","II","Continental",0.628,0.749,65,65,12.1,-3.2,8298.9,55.7,-0.6
"368",2002,"Romania","Oravifa",45.04,21.68,1,1,24.28,5.78,1,1,1,3,"All","II","Continental",0.593,0.655,61.8,61.8,13.1,-2.1,6201.3,35.3,-0.7
"369",2010,"France","Orne",48.53,0.1,3,1,30.12,2.56,0,0,0,0,"None","IV","Atlantic",0.657,0.729,62.7,62.7,11.5,1.6,1465.1,18.3,-0.5
"370",2001,"Norway","Orsta",62.21,6.39,1.7,1,21.48,7.75,0,0,0,0,"None","I","Atlantic",0.261,0.301,170.6,170.6,7.8,-1.9,22600.6,19,0.1
"371",2001,"Norway","Osteroy",60.53,5.52,1.2,1,28.63,5.99,0,0,0,0,"None","I","Atlantic",0.456,0.525,227.1,227.1,10.2,-0.9,17316.4,37.6,0.4
"372",2013,"Norway","Otteroya",64.54,11.22,2.31,1,18.09,8.59,0,0,1,1,"Lynx_only","I","Atlantic",0.429,0.507,110.8,110.8,9.6,-3.4,12626.4,25.7,-0.2
"373",2014,"Poland","Pa?ucki",52.62,17.71,2.64,1,24,0.51,0,0,0,0,"None","IV","Continental",0.504,0.539,44,44,12.7,-3,7984,18.6,-0.9
"374",2011,"Germany","Palatinate forest",49.2,7.75,1.58,1,20.65,4.11,0,0,0,0,"None","Not Reported","Continental",0.683,0.677,69.9,69.9,11.4,-1.1,2577.2,55.2,-1.2
"375",2017,"Belarus","Pastauski",55.16,26.95,0.55,1,25.26,1.76,0,0,0,0,"None","Not Protected","Boreal",0.465,0.578,54.6,54.6,11.2,-7.3,14192.6,18.7,-0.6
"376",3000,"Italy","Pistoia_Province",44.13,10.65,3.67,1,18,5.32,0,1,0,1,"Wolf_only","I","Continental",0.608,0.816,133.6,133.6,12.4,-0.7,12572.1,50.9,-1.1
"377",2011,"France","Plateau du Coscione et massif de lIncudine",41.85,9.19,2.7,0,11.02,7.86,0,0,0,0,"None","V","Mediterranean",0.578,0.825,68.5,68.5,14.7,1.7,11747.4,35.7,-0.6
"378",2009,"Serbia","Podunavsko",45.37,16.77,19.8,1,22.66,5.46,0,0,0,0,"None","Not Reported","Continental",0.595,0.674,79.2,79.2,14.4,-0.6,4053.9,39.2,-0.8
"379",2008,"Slovenia","Pohorje",46.48,15.4,1.2,1,19.64,4.42,0,0,0,0,"None","III","Alpine",0.683,0.666,106.4,106.4,10,-4.4,13214.2,60.6,-0.7
"380",2015,"Belarus","Polessye State Radioecological Reserve",51.65,29.86,0.12,1,22.14,5.21,0,0,0,0,"None","I","Continental",0.503,0.526,50.2,50.2,12.4,-6.2,9275,28.1,-0.8
"381",2013,"Romania","Portareasa",45.36,25.09,0.23,1,17.63,5.92,1,1,1,3,"All","II","Alpine",0.61,0.759,59.2,59.2,10.2,-6.4,10365.2,49,-0.6
"382",3000,"Italy","Prato_Province",44,11,6.47,1,25.73,4.63,0,1,0,1,"Wolf_only","I","Continental",0.666,0.82,123.2,123.2,15.4,1.9,2215.1,44.3,-1.1
"383",2017,"Latvia","Prejli",56.4,26.63,1.5,1,19.36,1.94,0,1,0,1,"Wolf_only","IV","Boreal",0.462,0.566,56.1,56.1,11.3,-7.3,17708.9,20.8,-0.4
"384",2017,"Latvia","Priekule",56.51,21.4,3,1,27.36,0.33,0,1,0,1,"Wolf_only","III","Boreal",0.488,0.684,65,65,12.5,-4.6,15538.2,15.9,-0.5
"385",2011,"Poland","Pszczy",50.45,18.4,7.8,1,28.29,0.58,0,0,0,0,"None","IV","Continental",0.507,0.56,54.8,54.8,11.9,-3.2,9340.4,17.5,-1.4
"386",3000,"Poland","Pszczyna",49.98,18.9,2.6,1,28.73,0.78,0,0,0,0,"None","IV","Continental",0.489,0.593,63.5,63.5,12,-3.3,10288.1,20.1,-1.1
"387",2014,"Poland","Puszcza Piska forest",53.6,21.58,2.75,1,21.62,4.13,0,1,1,2,"Wolf_lynx","IV","Continental",0.579,0.621,41.3,41.3,12.6,-4.9,10705.2,48.5,-0.6
"388",2010,"France","Puy de Dome",45.58,3.05,1,1,24.1,1.31,0,0,0,0,"None","IV","Continental",0.626,0.766,60.7,60.7,10.8,-1.1,3744.1,16.6,-1.2
"389",2010,"France","Pyrenees Atl",43.06,-0.98,1,1,18.4,6.89,0,0,0,0,"None","IV","Alpine",0.652,0.914,92.5,92.5,11.5,0.4,5324.3,36.2,-0.9
"390",2010,"France","Pyrenees Ori",42.53,2.31,5,1,21.36,6.57,0,1,0,1,"Wolf_only","IV","Alpine",0.589,0.821,86.3,86.3,10.7,-1.4,11381.8,39.1,-1
"391",2017,"Latvia","Ranka",57.21,26.17,1.5,1,19.31,1.34,0,0,0,0,"None","IV","Boreal",0.511,0.599,59.1,59.1,10.6,-7.2,18329.7,38.8,-0.2
"392",1994,"UK","Rannoch",56.7,-4.23,15,1,19.79,3.57,0,0,0,0,"None","IV","Atlantic",0.469,0.412,150.1,150.1,7.4,-1.3,13029.9,22.7,0.4
"393",2017,"Belarus","Rasonski",55.85,28.87,0.65,1,14.98,5.28,0,0,0,0,"None","IV","Boreal",0.503,0.605,56.1,56.1,10.9,-8.3,14391,41.9,-0.4
"394",2001,"Norway","Rauma",62.36,7.91,1.7,1,12.02,8.26,0,0,0,0,"None","I","Alpine",0.125,0.157,104.4,104.4,5,-9.7,29210.2,9.2,0.1
"395",1994,"France","Reserve tiole de la Chasse de la Petite Pierre",48.81,7.33,12.31,1,20.92,4.61,0,0,0,0,"None","IV","Continental",0.652,0.708,65.7,65.7,12,-0.6,2912.4,34.9,-1.1
"396",2012,"Austria","Reutte",47.47,10.73,5.6,1,26.56,5.72,0,0,0,0,"None","IV","Alpine",0.502,0.649,105.5,105.5,8.9,-5.1,32135,42.2,-0.5
"397",2017,"Latvia","Rezekne",56.49,27.16,0.5,1,25.3,1.14,0,0,0,0,"None","III","Boreal",0.447,0.56,52.2,52.2,11.1,-7.8,17775.8,17.7,-0.5
"398",2014,"Germany","Rhein-Pf 1",49.92,7.62,5.5,1,22.03,4.44,0,0,0,0,"None","Not Reported","Continental",0.631,0.667,58.4,58.4,11.2,-1.6,3427.2,39.1,-1.3
"399",2014,"Germany","Rhon",50.24,10.47,0.75,1,22.98,2.67,0,0,0,0,"None","III","Continental",0.551,0.591,59.1,59.1,11.1,-2.4,5090.7,21.2,-0.9
"400",2018,"Bulgaria","Rosica",42.85,25.12,4.72,1,17.71,7.13,1,1,0,2,"Bear_wolf","I","Alpine",0.628,0.758,56.1,56.1,13.1,-2.5,9808.8,50.1,-0.4
"401",2015,"UK","Ruadh-stac Beag",57.6,-5.4,2.5,1,17.56,4.24,0,0,0,0,"None","II","Atlantic",0.388,0.368,195.7,195.7,8.6,0.4,11108,18.6,0.2
"402",3000,"Poland","Rudi_Raciborskie",50.22,18.36,5,1,25.46,1.28,0,0,0,0,"None","IV","Continental",0.578,0.604,54.5,54.5,12,-2.9,6428.1,35.8,-1.3
"403",2008,"Poland","Rudy Raciborskie",50.18,18.45,5,1,26.22,1.05,0,0,0,0,"None","V","Continental",0.576,0.61,56.5,56.5,11.9,-3,6811.5,37.8,-1.3
"404",2017,"Latvia","Rujiena",58.04,25.17,0.5,1,20.98,2.24,1,1,1,3,"All","IV","Boreal",0.495,0.606,56.8,56.8,11.3,-8.3,19816.5,33.7,-0.1
"405",2017,"Latvia","Rukava",56.19,21.13,1.5,1,19.85,3.33,0,1,0,1,"Wolf_only","II","Boreal",0.539,0.733,59.4,59.4,12.8,-3.9,11419.6,32.7,-0.6
"406",2018,"Serbia","Ruma",44.97,19.83,2.03,1,34.32,0.6,0,0,0,0,"None","Not Protected","Pannonian",0.447,0.48,55,55,15,-1,5892.9,3.6,-0.7
"407",2009,"Estonia","Saaremaa",58.42,22.49,0.49,1,16.97,3.41,0,0,0,0,"None","III","Boreal",0.525,0.72,50.8,50.8,12.1,-4.7,16033.2,40.9,-0.6
"408",2014,"Germany","Sachsen-Anh 1",51.67,10.99,2.75,1,19.28,3.58,0,0,0,0,"None","IV","Atlantic",0.622,0.623,69.8,69.8,10.7,-2.6,8141.1,47.9,-0.7
"409",2014,"Germany","Sachsen-Anh 2",51.69,12.64,5.5,1,24.04,3.45,0,0,0,0,"None","IV","Continental",0.635,0.607,49.7,49.7,12.6,-1.6,5176.5,40.2,-0.6
"410",2014,"Germany","Sachsen-Anh 3",51.72,13.12,5.5,1,26.34,3.78,0,1,0,1,"Wolf_only","IV","Continental",0.587,0.574,46.2,46.2,12.9,-1.2,4930.7,25.3,-0.8
"411",2014,"Germany","Sachsen-Anh 4",52.46,11.35,0.75,1,22.49,2.22,0,0,0,0,"None","IV","Atlantic",0.589,0.618,47,47,12.7,-1.2,3518.7,25.8,-0.7
"412",2014,"Germany","Sachsen 1",50.46,12.53,2.75,1,24,3.3,0,0,0,0,"None","III","Continental",0.634,0.635,74.5,74.5,9.4,-4,13680.7,53.7,-0.7
"413",2014,"Germany","Sachsen 2",50.62,13.29,2.75,1,23.25,2.96,0,0,0,0,"None","I","Continental",0.576,0.632,77.2,77.2,10.1,-4.3,14091.2,42.8,-0.6
"414",2014,"Germany","Sachsen 3",50.95,13.52,0.75,1,30.65,0.95,0,0,0,0,"None","IV","Continental",0.557,0.58,65.4,65.4,12.2,-2.8,11553.2,19.1,-0.8
"415",2014,"Germany","Sachsen 4",51.36,13,0.75,1,26.83,1.92,0,0,0,0,"None","IV","Continental",0.582,0.572,52.3,52.3,12.5,-1.8,6377,22.6,-0.7
"416",2014,"Germany","Sachsen 5",51.32,13.88,0.75,1,21.4,3.8,0,1,0,1,"Wolf_only","IV","Continental",0.611,0.587,55.1,55.1,12.7,-1.5,6779.7,34.3,-0.9
"417",2017,"Latvia","Sala",56.37,25.7,3,1,19.05,2.64,0,1,0,1,"Wolf_only","IV","Boreal",0.509,0.597,54.5,54.5,11.4,-6.6,16243.9,34.4,-0.4
"418",3000,"Austria","Salzburg",47.2,12.75,2.37,1,20.82,4.38,0,0,0,0,"None","I","Alpine",0.299,0.467,116.5,116.5,5.2,-9.4,41972,26,0
"419",2001,"Norway","Sande",62.24,5.64,1.7,1,25.97,7.9,0,0,0,0,"None","I","Atlantic",0.385,0.509,171.8,171.8,9.8,-0.1,11726.2,20.1,0.1
"420",2011,"Italy","Sarcidano",39.87,9.07,2.5,0,25.46,2.05,0,0,0,0,"None","II","Mediterranean",0.633,0.893,60.3,60.3,16.9,4.3,478.4,20.9,-0.4
"421",2017,"Belarus","Sarkouscynski",55.43,27.37,0.25,1,25.02,1.47,0,0,0,0,"None","Not Protected","Boreal",0.431,0.556,52.5,52.5,11.3,-7.7,17075.1,12,-0.6
"422",2011,"Italy","Sarrabus",39.25,9.34,21.48,0,27.5,3.75,0,0,0,0,"None","Not Reported","Mediterranean",0.616,1.035,37.2,37.2,18.8,6.3,303.9,22.8,-0.4
"423",2010,"France","Sarthe",47.84,0.41,3,1,21.94,1.21,0,0,0,0,"None","IV","Atlantic",0.662,0.743,58,58,12.5,2,1511.8,19.1,-0.7
"424",2016,"Italy","Sasso Fratino Nature Reserve",43.84,11.83,6.3,0,20.77,6.08,0,1,0,1,"Wolf_only","I","Continental",0.659,0.649,120,120,14.5,0.9,4745.8,47.6,-0.9
"425",2010,"France","Savoie",45.41,6.54,1,1,27.16,2.82,0,1,0,1,"Wolf_only","II","Alpine",0.412,0.592,111.9,111.9,7.1,-5.6,47897.4,29.3,-0.7
"426",2011,"Germany","Schorfheide-Chorin",53.62,14.37,2.3,1,19.29,4.61,0,0,0,0,"None","IV","Continental",0.63,0.686,45,45,12.4,-1.7,4667.4,45,-0.7
"427",2014,"Germany","Schwarzwald nord",48.59,8.32,2.75,1,17.46,5.5,0,0,0,0,"None","II","Continental",0.683,0.712,148.7,148.7,9.7,-3.2,9841.6,58.3,-0.7
"428",2014,"Germany","Schwarzwald sued",47.79,8.1,5.5,1,18.23,4.08,0,0,0,0,"None","IV","Continental",0.612,0.753,142.8,142.8,9.3,-3.7,18453.4,50.6,-0.5
"429",2014,"Germany","Segelberger Heide 1",54.15,9.48,0.75,1,19.44,2.56,0,0,0,0,"None","IV","Atlantic",0.636,0.681,70.9,70.9,11.6,-0.6,4547.5,12.5,-0.8
"430",2014,"Germany","Segelberger Heide 2",53.86,10.18,0.75,1,25.94,1.87,0,0,0,0,"None","IV","Atlantic",0.603,0.669,68.4,68.4,11.5,-1,4925.4,14.6,-0.8
"431",2014,"Germany","Segelberger Heide 3",53.62,10.72,2.75,1,26.45,1.04,0,0,0,0,"None","IV","Continental",0.583,0.633,59.6,59.6,11.6,-1.2,4261.1,20.6,-0.8
"432",2010,"France","Seine et Marne",48.49,3.02,1,1,29.86,3.29,0,0,0,0,"None","IV","Atlantic",0.575,0.677,52.2,52.2,12.3,0.8,1103.8,18.3,-1
"433",2010,"France","Seine Maritime",49.71,1.3,3,1,22.51,1.94,0,0,0,0,"None","IV","Atlantic",0.638,0.78,65.2,65.2,11.4,1.4,2024,12.9,-0.6
"434",2017,"Latvia","Seja",57.19,24.42,0.5,1,22.95,3.38,0,0,0,0,"None","II","Boreal",0.498,0.638,53,53,12.5,-6.2,15732.7,31.6,-0.3
"435",2015,"Portugal","Serra de Montesinho",41.88,-6.2,1.34,1,19.44,4.65,0,1,0,1,"Wolf_only","Not Reported","Mediterranean",0.543,0.615,69.6,69.6,11.6,0.8,516.8,25.2,-0.5
"436",2013,"Romania","Setu",45.29,25.73,0.24,1,19.19,7.46,1,1,1,3,"All","Not Reported","Alpine",0.603,0.747,55,55,10.6,-5.8,10331.4,48.9,-0.8
"437",2018,"Serbia","sid - Ku?ine",45.02,19.27,4.48,1,29.36,5.2,0,0,0,0,"None","Not Reported","Continental",0.513,0.475,57.7,57.7,14.6,-1,4638.9,21.5,-0.6
"438",2018,"Serbia","Sid  - bosutske sume",45.16,19.19,2.7,1,32.06,1.52,0,0,0,0,"None","V","Continental",0.485,0.497,56.8,56.8,14.5,-1.1,5611.7,9.1,-0.6
"439",2017,"Belarus","Siennienski",54.78,29.9,0.75,1,16.85,3.69,0,0,0,0,"None","Not Protected","Boreal",0.486,0.578,53.7,53.7,11.4,-7.6,14985.9,27.3,-0.5
"440",2010,"Spain","Sierra de Horchuelos",37.92,-5.27,33,1,14.55,6.37,0,0,0,0,"None","IV","Mediterranean",0.584,0.574,50.4,50.4,16.8,5.1,153.4,14.3,-0.9
"441",2010,"Spain","Sierra de San Pedro",39.31,-6.55,15,1,21.8,4.01,0,0,0,0,"None","IV","Mediterranean",0.517,0.523,47.4,47.4,17,5.3,102.6,7,-0.5
"442",3000,"Spain","Sierra_Morena",38.48,-4,1,1,13.91,6.96,0,0,0,0,"None","II","Mediterranean",0.53,0.497,39.9,39.9,16.8,3.3,194.7,13.2,-0.8
"443",2005,"Estonia","Simpevarp",57.41,16.66,0.03,1,24.76,3.95,0,0,0,0,"None","I","Boreal",0.505,0.723,51.8,51.8,11.9,-3,10197.9,23.9,0
"444",2017,"Latvia","Skaune",56.15,27.98,0.5,1,15.82,3.74,0,1,1,2,"Wolf_lynx","IV","Boreal",0.481,0.591,52.6,52.6,11,-7.8,16178.8,34.4,-0.5
"445",2017,"Belarus","Slonimski",53.17,25.35,0.5,1,21.12,2.62,0,0,0,0,"None","IV","Continental",0.501,0.602,55,55,11.2,-6.1,11422.9,28.2,-0.6
"446",3000,"Poland","Slowinski_National_Park",54.55,17.77,12.2,0,28.8,2.11,0,0,0,0,"None","IV","Continental",0.538,0.668,54.1,54.1,11.8,-2.5,8937.1,23.6,-0.6
"447",2017,"Belarus","Smaliaviski",54.16,28.09,0.25,1,18.94,3.33,0,0,0,0,"None","Not Protected","Boreal",0.461,0.568,55.5,55.5,11.6,-7.8,14893.4,26,-0.6
"448",3000,"Poland","Smolniki",54.28,22.88,4.5,1,20.7,0.6,0,1,1,2,"Wolf_lynx","IV","Continental",0.465,0.588,51.8,51.8,11.3,-5.7,16175.5,14.3,-0.4
"449",2001,"Norway","Snaase",64.21,12.46,0.2,1,10.93,5.99,1,0,1,2,"Bear_lynx","I","Alpine",0.438,0.414,85.8,85.8,8.5,-7.2,22440.8,33.4,-0.1
"450",2001,"Norway","Snillfjord",63.42,9.55,1.2,1,14.57,8.78,0,0,1,1,"Lynx_only","I","Atlantic",0.396,0.419,101.6,101.6,8.1,-3.4,25243.1,28.2,-0.4
"451",2018,"Serbia","Sombor",45.74,19.18,12.39,1,35.47,NA,0,0,0,0,"None","Not Protected","Pannonian",0.477,0.47,50.6,50.6,14.7,-1.4,6319.6,1.6,-0.6
"452",2010,"France","Somme",49.65,2.48,1,1,28.3,0.16,0,0,0,0,"None","IV","Atlantic",0.521,0.605,55.3,55.3,11.7,1.1,1699.8,5.3,-1
"453",3000,"UK","South_Strome",57.4,-5.45,9.5,1,22.29,3.28,0,0,0,0,"None","III","Atlantic",0.463,0.421,191.4,191.4,9.2,0.9,8327.6,20.7,0.2
"454",3000,"Norway","South_Troendelag",63.5,9.65,1.53,1,14.84,8.83,0,0,1,1,"Lynx_only","I","Atlantic",0.424,0.443,100.5,100.5,8.2,-3.2,23587.6,30.8,-0.4
"455",2014,"Germany","Spessart 1",49.82,9.37,2.75,1,24.18,5.26,0,0,0,0,"None","IV","Continental",0.646,0.653,75.5,75.5,11.4,-1.7,2830.1,47.4,-1.2
"456",2014,"Germany","Spessart 2",50.01,9.47,0.75,1,24.14,5.84,0,0,0,0,"None","IV","Continental",0.655,0.647,80.1,80.1,11,-2.1,3225.7,55.4,-1.1
"457",2014,"Germany","Spessart 3",50.2,9.55,2.75,1,19,5.68,0,0,0,0,"None","IV","Continental",0.657,0.664,81.5,81.5,10.9,-2.3,3623.7,49.3,-1
"458",2001,"Belgium","St-Hubert Forest",50.1,5.3,3,1,21.71,2.62,0,0,0,0,"None","IV","Continental",0.659,0.737,79.9,79.9,11.2,-0.4,3819,37.9,-0.9
"459",1996,"Switzerland","Stabelchord",46.66,10.24,5,NA,17.04,8.19,0,0,0,0,"None","I","Alpine",0.216,0.255,68.3,68.3,4.5,-10.6,58681.6,18.3,-0.7
"460",2017,"Belarus","Staradarozski",53.01,28.14,0.35,1,21.42,1.66,0,0,0,0,"None","Not Protected","Continental",0.516,0.591,52.3,52.3,11.9,-6.6,12353.3,35.3,-0.5
"461",3000,"Austria","Steiermark",47.25,15.25,3.48,1,24.21,2.37,0,0,0,0,"None","III","Alpine",0.661,0.764,86.9,86.9,10,-4.4,9403.6,53.5,-0.4
"462",2018,"Italy","Stelvio NP - Sondalo",46.33,10.39,4.7,0,22.35,6.98,1,0,0,1,"Bear_only","II","Alpine",0.309,0.385,43.1,43.1,5.7,-7.6,44518.7,23,-0.8
"463",2016,"Italy","Stelvio NP - Valfurva",46.45,10.42,11.58,0,24.06,6.52,1,0,0,1,"Bear_only","II","Alpine",0.264,0.335,49.3,49.3,4.7,-9.2,48964.4,21.8,-0.8
"464",2016,"Italy","Stelvio NP - Valfurva",46.45,10.42,11.58,0,24.06,6.52,1,0,0,1,"Bear_only","II","Alpine",0.15,0.258,55.3,55.3,3,-11.2,56486,13.3,-0.8
"465",2018,"Italy","Stelvio NP - Valfurva",46.46,10.51,12,0,20.6,6.96,0,0,0,0,"None","II","Alpine",0.264,0.335,49.3,49.3,4.7,-9.2,48964.4,21.8,-0.8
"466",2018,"Italy","Stelvio NP - Valfurva",46.46,10.51,12,0,20.6,6.96,0,0,0,0,"None","II","Alpine",0.15,0.258,55.3,55.3,3,-11.2,56486,13.3,-0.8
"467",3000,"Italy","Stelvio_National_Park_(Tn)",46.37,10.55,7.25,0,19.87,6.69,0,0,0,0,"None","II","Alpine",0.159,0.267,47.6,47.6,3.2,-10.8,59425.8,11.7,-0.9
"468",2017,"Belarus","Stolinski",51.93,27.05,0.15,1,20.01,6.29,0,0,0,0,"None","Not Reported","Continental",0.506,0.57,50.9,50.9,12.2,-5.6,9521.8,23.1,-0.7
"469",2001,"Norway","Stordal",62.39,7.14,1.7,1,16.42,8.18,0,0,0,0,"None","I","Alpine",0.229,0.252,144.5,144.5,7.6,-3,27914,16.4,0
"470",2013,"Bulgaria","Strandzha Mountains",42.01,27.61,0.47,1,13.91,7.79,0,1,0,1,"Wolf_only","I","BlackSea",0.656,0.967,51.5,51.5,15.6,0.4,4553.2,49.6,-0.3
"471",2001,"Norway","Stryn",61.85,7.04,1.7,1,14.08,8.59,0,0,0,0,"None","II","Alpine",0.124,0.198,145.5,145.5,4.4,-8,26014.3,11.9,0.2
"472",2017,"Belarus","Sumilinski",55.36,29.44,0.55,1,21.88,5.41,0,0,0,0,"None","IV","Boreal",0.469,0.574,55.3,55.3,11.2,-7.9,15634.4,25,-0.4
"473",2001,"Norway","Sunndal",62.56,8.72,0.3,1,11.16,8.12,0,0,0,0,"None","I","Alpine",0.094,0.104,91.8,91.8,4.1,-9.6,31805,7.6,0
"474",3000,"Italy","Susa_Valley_Turin_Province",45.08,7,2.22,1,23.81,3.82,0,1,0,1,"Wolf_only","IV","Alpine",0.418,0.577,93.8,93.8,7.8,-5,28080.2,31.9,-0.9
"475",2011,"Switzerland","Swiss NP",46.67,10.2,11.63,0,16.65,7.83,0,0,0,0,"None","I","Alpine",0.209,0.242,71.1,71.1,4.5,-10.5,57732.5,18.1,-0.7
"476",2006,"Switzerland","Swiss NP - Val Trupchun",46.58,10.07,27.85,0,21.68,5.23,0,0,0,0,"None","I","Alpine",0.205,0.26,73.1,73.1,4.2,-10.8,61224.5,15.1,-0.6
"477",3000,"UK","Syre_Estate",58.33,-5.05,5.81,1,19.44,7.78,0,0,0,0,"None","III","Atlantic",0.461,0.474,126.8,126.8,9,1.7,6853.7,14,-0.1
"478",2010,"France","Tarn",44.07,2.29,3,1,24.59,0.25,0,0,0,0,"None","Not Reported","Atlantic",0.649,0.795,61.8,61.8,13.4,1.3,709.6,12,-1.4
"479",2010,"France","Tarn Garonne",44.14,1.77,3,1,18.14,1.4,0,0,0,0,"None","IV","Atlantic",0.66,0.81,62.9,62.9,13.6,1.9,469.9,21.7,-1.5
"480",2012,"Slovakia","Tatra NP",49.11,19.55,0.95,1,27.69,0.56,1,1,1,3,"All","I","Alpine",0.487,0.666,75.7,75.7,9.7,-6.3,17326.6,23.4,-0.3
"481",2010,"France","Territoire Belfort",47.68,6.9,1,1,27.52,1.83,0,0,0,0,"None","IV","Continental",0.629,0.778,84,84,12.1,-0.8,2953.3,30.4,-0.6
"482",2017,"Latvia","Tervete",56.44,23.34,3,1,22.88,0.53,0,1,0,1,"Wolf_only","II","Boreal",0.452,0.52,47.6,47.6,12.6,-4.9,16601.4,10.9,-0.6
"483",2014,"Germany","Thueringer Wald",50.79,10.56,5.5,1,22.32,3.49,0,0,0,0,"None","IV","Continental",0.616,0.632,83.1,83.1,9.9,-3.4,8769.2,50.6,-0.7
"484",2014,"Germany","Thueringer Wald 2",50.49,11.21,5.5,1,21.57,3.9,0,0,0,0,"None","III","Continental",0.606,0.651,86.7,86.7,9.6,-3.9,11125.1,51.2,-0.6
"485",2001,"Norway","Tingvoll",62.97,8.19,1.7,1,23.66,7.83,0,0,1,1,"Lynx_only","I","Atlantic",0.41,0.504,109.8,109.8,9.1,-1.5,17887,27,-0.1
"486",3000,"Austria","Tirol",47.25,11.25,2.52,1,30.39,4.12,0,0,0,0,"None","IV","Alpine",0.484,0.578,91.2,91.2,8.6,-5.5,30802.2,36.5,-0.4
"487",2014,"Poland","Toru?ski",53.07,18.5,1.14,1,31.9,0.72,0,1,0,1,"Wolf_only","IV","Continental",0.501,0.55,44.8,44.8,12.3,-3.1,8472.8,16.7,-0.8
"488",2011,"Italy","Tramonti",40.68,14.64,0.4,1,38.22,1.95,0,0,0,0,"None","I","Mediterranean",0.597,0.978,81.2,81.2,17.7,5,874.4,21.5,-0.8
"489",2014,"Spain","Tras-os-Montes",41.76,-6.77,1.75,1,28.5,2.91,0,1,0,1,"Wolf_only","V","Mediterranean",0.506,0.599,73.3,73.3,12.6,1.9,409,13.7,-0.4
"490",2017,"Latvia","Tukums",56.84,23.24,5,1,24.34,0.84,0,1,0,1,"Wolf_only","II","Boreal",0.469,0.595,49.8,49.8,12.3,-5.3,15719.1,15.8,-0.5
"491",2010,"Romania","Tulcea County NW",45.19,28.37,0.29,1,23.36,7.25,0,0,0,0,"None","II","Steppic",0.557,0.567,39.5,39.5,15.7,-2.5,6627.7,32,-1
"492",1994,"UK","Tyndrum",56.44,-4.71,13,1,23.92,4.32,0,0,0,0,"None","III","Atlantic",0.438,0.431,189.6,189.6,7.7,-1.2,10417.2,20.6,0.5
"493",2004,"Czech Republic","Tynec",48.77,17.05,12.8,1,34.85,0.83,0,0,0,0,"None","IV","Alpine",0.511,0.538,55.9,55.9,13.2,-2.1,6508.4,14,-0.4
"494",2001,"Norway","Tysnes",59.97,5.57,0.9,1,19.8,7.16,0,0,0,0,"None","I","Atlantic",0.497,0.584,206.3,206.3,10.5,-0.4,11734.4,37.4,0.3
"495",2001,"Norway","Tysvaer",59.43,5.45,0.5,1,29.2,5.96,0,0,0,0,"None","I","Atlantic",0.517,0.631,167.5,167.5,11.5,0,12507.4,32.9,0.2
"496",2000,"Netherlands","Ugchelen/Hoenderloo",52.12,5.9,1.5,1,24.64,2.2,0,0,0,0,"None","II","Atlantic",0.618,0.695,73.2,73.2,11.9,0.5,3229.2,38.1,-0.5
"497",2011,"Italy","Ulassai",39.81,9.3,1.49,0,19.59,3.3,0,0,0,0,"None","II","Mediterranean",0.633,0.9,59.3,59.3,16.3,3.6,744.1,26.4,-0.5
"498",1996,"UK","Ullapool",57.92,-5.15,8.11,1,18.8,4.5,0,0,0,0,"None","III","Atlantic",0.454,0.422,170.3,170.3,8.9,1.1,8021.4,16.1,0.1
"499",2001,"Norway","Ullensvang",60.3,6.78,0.5,1,13.44,8.09,0,0,0,0,"None","I","Alpine",0.145,0.161,154.3,154.3,4.9,-8.4,30761.6,13,0.4
"500",2010,"France","Val d'Oise",49.07,2.38,3,1,47.11,1.01,0,0,0,0,"None","IV","Atlantic",0.55,0.686,53.5,53.5,12.4,1.4,1296.7,15.4,-1.1
"501",2014,"Italy","Val di Rose M.Sterpi dAlto M. Boccanera",41.63,13.17,14.3,0,24.64,2.99,0,0,0,0,"None","Not Reported","Mediterranean",0.638,0.721,82.4,82.4,15.6,1.9,1789.7,22.9,-0.6
"502",2013,"Romania","Valea lui coman",45.14,25.49,0.24,1,25.52,6.8,1,1,1,3,"All","Not Protected","Alpine",0.589,0.666,52.4,52.4,11.9,-4.2,9900.9,38,-0.7
"503",2013,"Romania","Valea Mare",45.76,26.02,0.52,1,27.63,7.23,1,1,1,3,"All","IV","Alpine",0.547,0.733,47.6,47.6,11.3,-5.9,14675.3,27.8,-0.8
"504",2014,"Hungary","Valko",47.55,19.48,2.44,1,26.29,1.67,0,0,0,0,"None","V","Pannonian",0.526,0.537,45.7,45.7,14.8,-2.1,6938.3,17.5,-0.1
"505",2001,"Norway","Vanlyven",62.05,5.67,1.7,1,24.04,7.96,0,0,0,0,"None","I","Atlantic",0.352,0.407,206.9,206.9,8.8,-1.1,22025,23.7,0.2
"506",2010,"France","Var",43.47,6.85,5,1,40.97,3.35,0,0,0,0,"None","IV","Mediterranean",0.568,0.909,70,70,17.7,4.5,477.4,24.8,-1
"507",2017,"Latvia","Varkava",56.26,26.34,3,1,23.83,2.56,0,1,0,1,"Wolf_only","III","Boreal",0.471,0.574,55.6,55.6,11.4,-7,16200.6,23.2,-0.4
"508",2010,"France","Vaucluse",44.07,5.32,1,1,18.7,4.57,0,0,0,0,"None","IV","Mediterranean",0.582,0.687,78.3,78.3,13.4,0.1,2235.8,24.3,-0.8
"509",2011,"France","Vecais",42.13,9.1,2.59,0,14.35,7.24,0,0,0,0,"None","IV","Mediterranean",0.55,0.775,73.7,73.7,14,0.8,13745.4,34.7,-0.5
"510",2010,"France","Vendee",46.51,-0.83,1,1,25.11,0.06,0,0,0,0,"None","IV","Atlantic",0.595,0.733,65,65,14,3.2,761.4,8.1,-0.7
"511",2001,"Norway","Vestnes",62.61,7,1.9,1,28.04,6.77,0,0,0,0,"None","I","Alpine",0.384,0.425,143,143,10,-1,18654.9,22.2,0
"512",2017,"Belarus","Viciebski",55.31,30.47,0.25,1,25.68,3.88,0,0,0,0,"None","Not Protected","Boreal",0.435,0.546,54.2,54.2,11.2,-8.1,17112.6,20.4,-0.3
"513",2010,"France","Vienne",46.46,0.42,5,1,30.35,0.25,0,0,0,0,"None","IV","Atlantic",0.592,0.689,60.4,60.4,13.2,2.2,1108.1,9.4,-0.8
"514",2016,"Spain","Vila Vicosa",38.8,-7.4,10,1,29.93,1.07,0,0,0,0,"None","Not Reported","Mediterranean",0.487,0.564,53,53,15.6,6.1,128.8,4.5,-0.4
"515",2017,"Latvia","Vilaka",57.07,27.6,0.5,1,18.85,2.61,0,0,0,0,"None","III","Boreal",0.47,0.563,51.2,51.2,11.2,-7.5,18587.1,25.8,-0.3
"516",2009,"Estonia","Viljandi",58.43,25.39,0.04,1,15.33,2.33,1,1,1,3,"All","IV","Boreal",0.495,0.578,55.1,55.1,11.8,-7.3,19439.1,32.9,-0.1
"517",2001,"Norway","Vindafjord",59.56,5.79,1.5,1,25,7.34,0,0,0,0,"None","I","Alpine",0.462,0.568,215.5,215.5,10.4,-1.1,18069.9,36,0.3
"518",2013,"Romania","Voievoda",43.84,25.14,0.28,1,26.97,NA,0,0,0,0,"None","Not Reported","Continental",0.44,0.475,45.4,45.4,16.3,-1.9,11650.1,3.3,-0.3
"519",3000,"Belarus","Volozhin",54,27,0.54,1,18.62,0.97,0,0,0,0,"None","Not Protected","Boreal",0.452,0.581,53.2,53.2,11,-7.6,15172.7,23.3,-0.6
"520",3000,"Austria","Vorarlberg",47.17,9.83,2.88,1,24.87,4.5,0,0,0,0,"None","III","Alpine",0.499,0.586,113.6,113.6,9.4,-4.2,28880.5,37.1,-0.4
"521",3000,"Russia","Voronezhskii_Reserve",52,39.5,1.29,1,NA,6.27,0,0,0,0,"None","III","Continental",0.45,0.476,45,45,13.6,-8.8,15935.1,29,-0.6
"522",2010,"France","Vosges",48.14,6.31,1,1,24.16,3.14,0,0,0,0,"None","IV","Continental",0.65,0.753,78.6,78.6,11.8,-1.1,3176.5,24.2,-0.8
"523",3000,"France","Vosgi_Mountains",48,7,1.9,1,18.71,4.81,0,0,1,1,"Lynx_only","I","Continental",0.635,0.75,110.3,110.3,9.3,-3,11739.9,52.6,-0.6
"524",2010,"UK","West Midlands",52.48,-2.79,15.9,1,20.9,0.01,0,0,0,0,"None","IV","Atlantic",0.665,0.609,77.3,77.3,10.7,1.2,2048.8,12,0.3
"525",2010,"UK","West Oxford",51.85,-1.49,22.9,1,31.22,0,0,0,0,0,"None","IV","Atlantic",0.6,0.599,58.6,58.6,11.1,1.6,1619.2,7.2,0.2
"526",2014,"Germany","Westerwald",50.62,8.02,1.2,1,22.68,2,0,0,0,0,"None","IV","Continental",0.59,0.676,78.8,78.8,11.1,-1.8,8476.8,31.1,-1.1
"527",2010,"UK","Woolhope",52.04,-2.6,8.1,1,30.15,0,0,0,0,0,"None","IV","Atlantic",0.64,0.642,60.6,60.6,11,1.6,1420.9,11.2,0.3
"528",2010,"France","Yonne",48.02,3.44,3,1,33.49,3.69,0,0,0,0,"None","Not Protected","Continental",0.609,0.702,55.2,55.2,12.4,0.5,917.3,23.7,-0.9
"529",2010,"France","Yvelines",48.77,1.84,5,1,35.03,1.79,0,0,0,0,"None","IV","Atlantic",0.6,0.699,52,52,12.3,1.4,1442.4,18,-1
"530",2017,"Belarus","Zabinkauski",52.25,24.07,0.15,1,29.48,0.55,0,0,0,0,"None","Not Protected","Continental",0.447,0.549,49,49,11.5,-5.6,11583.8,7.9,-0.6
"531",1999,"Lithuania","Zagare Reserve",56.29,23.21,5,1,21.68,1.44,0,1,1,2,"Wolf_lynx","IV","Boreal",0.478,0.547,49.1,49.1,12.1,-5.1,15509.4,19.5,-0.5
"532",3000,"Lithuania","Zagare_Reserve",56.22,23.2,3.8,NA,19.7,1.18,0,1,1,2,"Wolf_lynx","IV","Boreal",0.502,0.565,49.7,49.7,12,-5.2,15221.2,24.7,-0.5
"533",3000,"Poland","Zielonka",52.5,21.28,3,1,26.78,1.38,0,0,0,0,"None","Not Reported","Continental",0.487,0.558,39.4,39.4,12.9,-3.9,10477.3,11.7,-0.7
"534",2017,"Belarus","Zytkavicki",52.3,27.81,0.25,1,20.42,4.28,0,0,0,0,"None","IV","Continental",0.532,0.579,54.9,54.9,12,-5.8,9955.3,35.2,-0.5
