"","Year_publ","Country","Study_area","Latitude","Longitude","Deer_density","hunting","Human_influence_index","Forest_integrity","Bear_presence","Wolf_presence","Lynx_presence","Nr_predators","Predation","IUCN_Catergory","Biogeographic","NDVI","NPP","NDSI_Snow_Cover","Tree_canopy_cover","Palmer_drought_summer"
"1",1994,"UK","Abernethy",56.99,-3.31,11,1,20.62,6.76,0,0,0,0,"None","IV","Atlantic",0.515,0.479,16575.8,34.3,0.1
"2",2014,"Italy","Abruzzo, Lazio and Molise tiolPark",41.46,13.52,5,0,25.47,1.03,0,0,0,0,"None","IV","Mediterranean",0.623,0.727,881,14.7,-0.5
"3",3000,"Italy","Abruzzo__National_Park",41.8,13.78,2.7,0,20.07,6.33,1,1,0,2,"Bear_wolf","II","Alpine",0.516,0.72,19531.9,30.1,-0.7
"4",2001,"Norway","Afjord",64,10.51,0.2,1,11.56,8.81,0,0,1,1,"Lynx_only","I","Atlantic",0.403,0.415,24549.4,27.6,-0.2
"5",2011,"Hungary","Aggteleki National Park",48.5,20.7,0.61,1,24.14,5.6,0,1,1,2,"Wolf_lynx","II","Pannonian",0.576,0.705,5056.5,34.5,-0.2
"6",2005,"Germany","Ahr-Eifel",50.3,6.78,20,1,19.22,2.58,0,0,0,0,"None","IV","Continental",0.611,0.695,5631.7,27.2,-1
"7",2010,"France","Ain",46.14,5.74,1,1,16.73,4.19,0,0,1,1,"Lynx_only","IV","Continental",0.636,0.814,13798,50.7,-0.7
"8",2010,"France","Aisne",49.5,3.39,3,1,25.85,1.35,0,0,0,0,"None","Not Reported","Atlantic",0.611,0.682,1351,16.3,-1.2
"9",2017,"Latvia","Akniste",56.19,25.72,1.5,1,19.45,2.11,0,1,1,2,"Wolf_lynx","III","Boreal",0.463,0.554,17148.9,18.6,-0.4
"10",2001,"Norway","Alesund",62.45,6.39,4,1,36.38,6.28,0,0,0,0,"None","I","Atlantic",0.423,0.51,10196.9,25.4,0.1
"11",2010,"UK","Alice Holt",51.17,-0.85,15,1,31.45,0.03,0,0,0,0,"None","IV","Atlantic",0.666,0.75,1304,12.1,0
"12",2014,"Germany","Allgau",47.61,10.03,5.5,1,19.7,2.29,0,0,0,0,"None","IV","Continental",0.591,0.772,28290.5,35,-0.5
"13",2010,"France","Allier",46.58,2.75,5,1,6.63,3.54,0,0,0,0,"None","IV","Continental",0.676,0.771,1297.2,17.4,-1
"14",2015,"Italy","ALMNP central part",41.46,13.54,14,0,25.95,1.09,0,0,0,0,"None","IV","Mediterranean",0.622,0.73,839,14.7,-0.5
"15",2017,"Latvia","Aloja",57.75,24.8,1.5,1,20.68,2.19,0,1,1,2,"Wolf_lynx","V","Boreal",0.498,0.636,19446.9,34.3,-0.1
"16",2010,"France","Alpes HP",44.03,5.89,1,1,22.01,2.44,0,1,0,1,"Wolf_only","V","Mediterranean",0.545,0.703,939.9,17,-0.7
"17",2010,"France","Alpes Maritimes",43.99,7.31,3,1,14.76,4.95,0,1,0,1,"Wolf_only","V","Alpine",0.639,0.839,2101.7,34.2,-0.9
"18",2017,"Latvia","Alsungas",57.06,21.57,5,1,22.83,2,0,0,0,0,"None","IV","Boreal",0.57,0.751,12636.7,41.4,-0.6
"19",2011,"France","Alta Rocca (Vallee de Quenza et basse vallee Cuscionu)",41.8,9.08,2.5,0,15.67,5.59,0,0,0,0,"None","V","Mediterranean",0.638,0.95,3716.6,39.7,-0.6
"20",2011,"Italy","Altopiano di Budduso",40.58,9.27,4.93,0,32.98,0.29,0,0,0,0,"None","Not Protected","Mediterranean",0.612,0.895,1010.2,12.2,-0.6
"21",2017,"Latvia","Aluksne",57.45,27.45,0.5,1,24.72,3.37,0,1,1,2,"Wolf_lynx","IV","Boreal",0.497,0.586,17198.5,35.9,-0.2
"22",2001,"Norway","Ame",63.48,9.24,1.7,1,15.07,8.42,0,0,0,0,"None","Not Protected","Atlantic",0.466,0.526,12117.9,28.1,-0.4
"23",2017,"Latvia","Ance",57.49,22.17,3,1,9.77,3.01,0,0,0,0,"None","IV","Boreal",0.586,0.765,12084,51.5,-0.6
"24",3000,"Italy","Aosta_Valley",45.82,7.32,2.1,1,21.02,3.45,0,0,0,0,"None","Not Protected","Alpine",0.451,0.489,26106.2,28.8,-0.6
"25",2018,"Serbia","Apatin",45.6,18.96,6.49,1,22.65,2.65,0,0,0,0,"None","IV","Continental",0.499,0.441,5096.2,16.4,-0.5
"26",2017,"Latvia","Ape",57.49,26.45,1.5,1,16.03,3.26,0,1,1,2,"Wolf_lynx","III","Boreal",0.484,0.585,18325.2,29.4,-0.1
"27",2011,"Italy","Arburese",39.52,8.59,20.77,0,24.66,1.25,0,0,0,0,"None","Not Reported","Mediterranean",0.606,0.911,414.7,15.3,-0.2
"28",2010,"France","Ardeche",44.63,4.07,1,1,9.45,5.54,0,0,0,0,"None","I","Continental",0.638,0.79,9651.8,45.2,-0.9
"29",2010,"France","Ardennes",49.88,4.77,1,1,17.02,4.35,0,0,0,0,"None","IV","Continental",0.643,0.748,1873.6,54.4,-0.9
"30",3000,"Italy","Arezzo",43.77,11.81,3.72,1,24.09,4.57,0,1,0,1,"Wolf_only","I","Continental",0.657,0.685,1906.8,36.5,-0.9
"31",2010,"France","Ariege",42.86,1.52,1,1,13.01,6.12,1,0,0,1,"Bear_only","IV","Alpine",0.637,0.783,11643.4,44.9,-1.1
"32",2001,"Norway","Askvoll",61.41,5.27,1.7,1,19.14,8.17,0,0,0,0,"None","Not Protected","Alpine",0.325,0.394,26635.8,26.8,0.3
"33",2017,"Belarus","Astraviecki",54.67,25.93,0.25,1,21.73,3.02,0,0,0,0,"None","Not Protected","Boreal",0.508,0.603,13622.5,33.1,-0.5
"34",2008,"Spain","Asturias",43.2,-6,0.66,1,23.68,5.48,1,1,0,2,"Bear_wolf","II","Atlantic",0.651,0.896,4260.9,37.4,-0.7
"35",2010,"France","Aube",48.15,3.95,3,1,19.37,2.62,0,0,0,0,"None","IV","Continental",0.612,0.679,1020.8,23.2,-0.9
"36",2017,"Latvia","Auce",56.36,23.1,5,1,20.95,1.9,0,1,0,1,"Wolf_only","IV","Boreal",0.468,0.541,15887.6,15.2,-0.5
"37",2010,"France","Aude",42.95,2.22,1,1,26.57,3.43,0,0,0,0,"None","Not Reported","Mediterranean",0.564,0.812,646,19.1,-1.2
"38",3000,"Poland","Augustow_Forest",53.67,22.67,0.6,1,17.27,2.93,0,1,1,2,"Wolf_lynx","IV","Continental",0.55,0.614,11939.2,30.6,-0.6
"39",2001,"Norway","Austrheim",60.77,4.93,1.2,1,26.81,6.53,0,0,0,0,"None","I","Atlantic",0.505,0.642,8456.7,33.4,0.3
"40",2010,"France","Averyron",44.53,2.8,3,1,21.76,1.35,0,0,0,0,"None","V","Continental",0.683,0.849,1949.3,20.7,-1.2
"41",2018,"Serbia","Bac",45.35,19.22,3.25,1,25.43,1.08,0,0,0,0,"None","Not Protected","Pannonian",0.473,0.455,5081.6,13.4,-0.6
"42",1994,"UK","Ballochbuie",57.22,-3.14,14,1,15.14,4.43,0,0,0,0,"None","IV","Atlantic",0.554,0.527,15438.2,30,0
"43",2017,"Latvia","Barkava",56.7,26.56,3,1,19.3,2.23,0,1,1,2,"Wolf_lynx","IV","Boreal",0.46,0.56,18656.8,23.4,-0.3
"44",2010,"France","Bas Rhin",48.36,7.34,5,1,14.2,4.59,0,0,1,1,"Lynx_only","Not Reported","Continental",0.699,0.72,3095.4,43.4,-1
"45",2017,"Latvia","Bauska",56.4,24.44,0.5,1,20.22,0.36,0,0,0,0,"None","III","Boreal",0.462,0.549,16814.5,18,-0.4
"46",3000,"Germany","Bavarian_Alps",47.42,10.75,3.5,1,26.63,5.79,0,0,0,0,"None","IV","Alpine",0.458,0.631,38570.3,41.8,-0.5
"47",2014,"Germany","Bayerische Alpen 1",47.67,10.61,2.75,1,22.85,2.35,0,0,0,0,"None","V","Continental",0.648,0.75,21552.1,25.8,-0.5
"48",2014,"Germany","Bayerische Alpen 2",47.45,11.2,2.75,1,23.04,5.65,0,0,0,0,"None","IV","Alpine",0.545,0.673,26267.7,46.8,-0.4
"49",2014,"Germany","Bayerische Alpen 3",47.65,11.49,2.75,1,18.07,6.49,0,0,0,0,"None","V","Alpine",0.587,0.717,23018.3,53.9,-0.5
"50",2014,"Germany","Bayerische Alpen 5",47.56,12.93,2.75,1,15.57,6.88,0,0,0,0,"None","II","Alpine",0.389,0.469,23329.6,34.4,-0.1
"51",2014,"Germany","Bayerischer Wald",48.98,13.37,2.75,1,17.99,2.22,0,0,1,1,"Lynx_only","II","Continental",0.576,0.673,16823,54.8,-0.4
"52",2015,"UK","Bealach a Chuirn",57.92,-5.43,9,1,17.76,4.73,0,0,0,0,"None","III","Atlantic",0.412,0.5,2661.5,6.3,0.1
"53",2014,"Germany","Bei Muenchen",48.3,11.75,2.75,1,37.91,0.06,0,0,0,0,"None","IV","Continental",0.527,0.66,8645,10.6,-1.1
"54",2016,"France","Belbriette",48.08,6.99,7,1,20.16,4.64,0,1,0,1,"Wolf_only","I","Continental",0.647,0.738,13725.4,57,-0.6
"55",3000,"Belarus","Berezinskii_National_Park",53.38,28.37,0.08,0,21.28,3.32,0,0,0,0,"None","IV","Continental",0.503,0.593,13016.6,29.4,-0.6
"56",2015,"Belarus","Berezinsky",54.67,28.36,0.11,1,22.8,6.55,0,0,0,0,"None","I","Boreal",0.493,0.606,13269.5,32.3,-0.6
"57",2001,"Norway","Bergen",60.37,5.41,0.5,1,48.1,4.19,0,0,0,0,"None","I","Atlantic",0.456,0.532,19181.3,37.5,0.4
"58",2016,"Slovakia ","Beskydy",49.41,18.9,1.7,1,18.85,1.97,1,1,1,3,"All","I","Alpine",0.552,0.667,15872.1,48,-0.5
"59",3000,"Poland","Beskydy_Mountains",49.5,18.31,1,1,15.89,4.64,0,0,1,1,"Lynx_only","I","Continental",0.62,0.642,13511.4,56.3,-0.7
"60",3000,"Poland","Bialowieza",52.75,23.87,4.61,0,19.75,7.85,0,1,1,2,"Wolf_lynx","II","Continental",0.605,0.602,6469.4,60.1,-0.6
"61",1994,"Poland","Bialowieza NP",52.77,23.88,12.75,0,20.23,7.94,0,1,1,2,"Wolf_lynx","II","Continental",0.618,0.608,6177,63.6,-0.6
"62",1997,"Poland","Bialowieza Primeval Forest",52.75,23.68,6.07,1,24.72,3.22,0,1,1,2,"Wolf_lynx","IV","Continental",0.609,0.613,7311.9,59.9,-0.6
"63",2009,"Poland","Bialowieza Primeval Forest outside NP",52.75,23.83,6,0,21.39,6.73,0,1,1,2,"Wolf_lynx","II","Continental",0.598,0.602,6402.8,58.9,-0.6
"64",3000,"Belarus","Bialowieza_Forest_(Belarussian_part)",52.5,24.5,2.1,1,32.93,0.93,0,0,0,0,"None","Not Protected","Continental",0.455,0.559,11293.4,8.7,-0.6
"65",2017,"Belarus","Biarozauski",52.57,24.86,0.15,1,29.63,3.13,0,0,0,0,"None","Not Protected","Continental",0.41,0.545,10839.9,7.4,-0.5
"66",2017,"Belarus","Bierastavicki",53.27,23.97,0.15,1,22.37,0.72,0,0,0,0,"None","Not Protected","Continental",0.428,0.539,11628,7,-0.6
"67",2019,"Poland","Bieszczady",49.18,22.53,1.7,1,14.62,7.91,1,1,1,3,"All","II","Alpine",0.589,0.703,10726.2,65.9,-0.4
"68",3000,"Poland","Bieszczady_National_Park",49.08,22.78,4,0,16.31,6.75,1,1,1,3,"All","II","Alpine",0.552,0.717,14461.5,59.6,-0.4
"69",2017,"Latvia","Birzgale",56.57,24.85,1.5,1,21.25,2.15,0,1,0,1,"Wolf_only","IV","Boreal",0.578,0.629,14345.1,50,-0.3
"70",1994,"UK","Blackmount",56.55,-4.8,11,1,22.58,6.38,0,0,0,0,"None","IV","Atlantic",0.414,0.406,9878,17,0.4
"71",2005,"Estonia","Blankaholm",57.59,16.52,0.15,1,22.35,4.25,0,0,0,0,"None","IV","Boreal",0.544,0.73,11085,38.5,0
"72",2001,"Norway","Bokn",59.2,5.42,0.5,1,18.82,4.98,0,0,0,0,"None","I",NA,0.475,0.709,4566.8,18.1,0.1
"73",2014,"Germany","Brandenburg 1",51.6,13.29,2.75,1,32.07,0.68,0,0,0,0,"None","IV","Continental",0.583,0.589,5449.9,17.6,-0.9
"74",2014,"Germany","Brandenburg 10",53.22,14.28,0.75,1,29.07,1.02,0,0,0,0,"None","IV","Continental",0.528,0.551,6569.7,8.1,-0.7
"75",2014,"Germany","Brandenburg 11",53.34,13.61,0.75,1,22.45,2.62,0,0,0,0,"None","IV","Continental",0.53,0.595,6867.3,19.8,-0.7
"76",2014,"Germany","Brandenburg 12",53.11,13.1,2.75,1,21.62,5.51,0,0,0,0,"None","IV","Continental",0.625,0.639,5018.4,41.2,-0.6
"77",2014,"Germany","Brandenburg 13",53.04,12.86,2.75,1,18.03,5.79,0,0,0,0,"None","IV","Continental",0.621,0.63,5455.5,41.1,-0.6
"78",2014,"Germany","Brandenburg 14",53.01,11.9,0.75,1,24.29,2.25,0,0,0,0,"None","IV","Continental",0.658,0.646,3983.1,39.1,-0.6
"79",2014,"Germany","Brandenburg 2",51.58,13.83,2.75,1,27.95,2.36,0,0,0,0,"None","Not Reported","Continental",0.508,0.472,6816.2,20.3,-0.7
"80",2014,"Germany","Brandenburg 3",51.84,14.55,0.75,1,31.44,0.05,0,0,0,0,"None","IV","Continental",0.45,0.444,4246.7,17.8,-0.8
"81",2014,"Germany","Brandenburg 4",52.11,11.98,2.75,1,27.55,1.42,0,1,0,1,"Wolf_only","V","Continental",0.54,0.544,4484,7.4,-0.5
"82",2014,"Germany","Brandenburg 5",58.41,13.98,0.75,1,38.22,0.33,0,0,1,1,"Lynx_only","Not Protected","Boreal",0.526,0.628,14094.2,20.6,0.7
"83",2014,"Germany","Brandenburg 6",52.56,12.54,0.75,1,21.52,1.5,0,0,0,0,"None","IV","Continental",0.61,0.619,4211.9,21.5,-0.6
"84",2014,"Germany","Brandenburg 7",52.69,13.94,0.75,1,21.82,4.3,0,0,0,0,"None","IV","Continental",0.625,0.596,5712.5,42.1,-0.6
"85",2014,"Germany","Brandenburg 8",52.83,13.37,2.75,1,25.5,2.45,0,0,0,0,"None","IV","Continental",0.611,0.641,4049.1,31.1,-0.6
"86",2014,"Germany","Brandenburg 9",53.07,13.74,2.75,1,18.99,5.16,0,0,0,0,"None","IV","Continental",0.606,0.622,4917.9,35.5,-0.6
"87",2017,"Belarus","Braslauski",55.52,26.92,0.75,1,20.29,4.15,0,0,0,0,"None","II","Boreal",0.467,0.58,16078,24,-0.6
"88",3000,"Romania","Brasov_Region",45.83,25.83,2.35,1,40.07,NA,1,1,1,3,"All","IV","Continental",0.446,0.601,14083.4,3.3,-0.7
"89",2010,"UK","Breiddens",52.72,-3.05,8,1,22.53,0,0,0,0,0,"None","IV","Atlantic",0.693,0.617,2453.1,14.1,0.3
"90",2001,"Norway","Bremanger",61.82,5.48,1.7,1,16.11,8.28,0,0,0,0,"None","I","Alpine",0.246,0.317,28267.1,22.5,0.2
"91",2014,"Poland","Brodnicki",53.24,19.54,2.46,1,27.75,0.52,0,0,0,0,"None","IV","Continental",0.466,0.538,10481.7,11,-0.9
"92",2016,"Lithuania","Bukta forest",54.58,23.59,0.3,1,21.65,0.82,0,1,1,2,"Wolf_lynx","I","Boreal",0.487,0.588,13003.9,18.2,-0.5
"93",2014,"Poland","Bydgoski",53.15,18.04,2.97,1,49.59,0.4,0,0,0,0,"None","Not Protected","Continental",0.46,0.556,6936.1,24.9,-0.8
"94",2014,"Spain","Cabaneros NP",39.4,-4.49,16.4,0,10.67,5.86,0,0,0,0,"None","II","Mediterranean",0.603,0.536,735.5,27.7,-0.8
"95",2010,"France","Calvados",49.15,-0.79,7,1,17.04,0.15,0,0,0,0,"None","Not Protected","Atlantic",0.651,0.765,1328.9,9.9,-0.4
"96",2011,"Italy","Candaten",46.12,12.07,2.2,1,32.3,2.34,0,0,0,0,"None","I","Alpine",0.562,0.72,4563.5,28.1,-0.5
"97",2011,"Italy","Cansiglio forest",46.01,12.2,30,1,19.99,3.68,0,0,0,0,"None","Not Reported","Alpine",0.644,0.715,5948.2,47.7,-0.5
"98",3000,"Spain","Cantabrian_Mountains",43,-6,0.47,NA,19.12,6.49,1,1,0,2,"Bear_wolf","II","Atlantic",0.477,0.661,15109.7,18.3,-0.7
"99",2010,"France","Cantal",45.03,2.67,3,1,14.99,3.21,0,0,0,0,"None","IV","Continental",0.582,0.829,14659.4,31.4,-1
"100",2009,"Ukraine","Carpathian Biosphere Reserve",48.12,24.5,0.45,1,17.02,7.76,0,0,0,0,"None","I","Alpine",0.52,0.62,19697,58.5,-0.4
"101",2010,"Spain","Castilla-La Mancha LM",38.92,-0.6,37.69,1,29.32,2.57,0,0,0,0,"None","III","Mediterranean",0.447,0.574,73.4,5.8,-0.6
"102",2010,"Spain","Castilla-La Mancha LQ",39.75,-4.25,31.58,1,31.09,NA,0,0,0,0,"None","Not Reported","Mediterranean",0.316,0.299,1006.4,0.8,-0.7
"103",1998,"Spain","Castillo de Venuelas",40.62,-3.63,14,1,43.73,2.07,0,0,0,0,"None","V","Mediterranean",0.455,0.466,875.6,5,-0.7
"104",2017,"Belarus","Cavuski",53.88,30.92,0.45,1,16.54,1.19,0,0,0,0,"None","Not Protected","Boreal",0.436,0.552,17549.1,16.9,-0.5
"105",2014,"Lithuania","Central bit",55.58,24.16,4.41,1,22.81,1.13,0,0,0,0,"None","V","Boreal",0.472,0.527,14144.1,16.5,-0.5
"106",2017,"Belarus","Cerykauski",53.79,31.53,0.45,1,21.14,0.46,0,0,0,0,"None","Not Protected","Boreal",0.409,0.542,17586.1,10.5,-0.5
"107",2017,"Latvia","Cesis",57.28,25.13,3,1,15,4.43,0,0,0,0,"None","II","Boreal",0.545,0.626,16139.3,46.3,-0.2
"108",1994,"France","Chambord",47.62,1.57,13.5,1,19.99,4.66,0,0,0,0,"None","IV","Atlantic",0.664,0.759,658.9,36.1,-0.9
"109",2010,"France","Charente",45.89,0.39,1,1,18.99,1.55,0,0,0,0,"None","Not Protected","Atlantic",0.647,0.765,848.1,16.3,-0.7
"110",2010,"France","Charente Maritime",45.43,-0.57,3,1,25.86,0.33,0,0,0,0,"None","Not Reported","Atlantic",0.567,0.743,706.8,9.3,-0.7
"111",2010,"France","Cher",47.3,2.31,1,1,10.28,3.62,0,0,0,0,"None","Not Reported","Atlantic",0.652,0.764,735.4,29.2,-0.9
"112",3000,"Ukraine","Chernigiv_region",51.1,30.45,0.15,1,18.72,6.85,0,0,0,0,"None","I","Continental",0.272,0.52,12761,18.5,-0.9
"113",2012,"Belarus","Chernobyl",51.64,29.92,3.2,0,23.96,4.89,0,0,0,0,"None","I","Continental",0.51,0.535,8862.5,26.1,-0.8
"114",2010,"UK","Chiddingfold",51.1,-0.57,7.9,1,22.95,0.13,0,0,0,0,"None","IV","Atlantic",0.699,0.796,1007.7,14.4,-0.1
"115",2010,"UK","Chilterns",52.8,-1.14,17,1,35.76,NA,0,0,0,0,"None","IV","Atlantic",0.624,0.6,2194.7,7.1,0
"116",2017,"Belarus","Chocimski",53.41,32.63,0.25,1,21.16,1.92,0,0,0,0,"None","Not Protected","Boreal",0.415,0.547,16723.3,13.2,-0.8
"117",2017,"Latvia","Cibla",56.55,27.95,0.5,1,12.8,3.25,0,1,1,2,"Wolf_lynx","II","Boreal",0.48,0.573,16814.5,27.8,-0.5
"118",3000,"UK","Clashindarroch",57.4,-2.5,0.5,1,19.15,0.01,0,0,0,0,"None","IV","Atlantic",0.596,0.525,8699.7,9,-0.1
"119",2007,"Romania","Condratu",45.77,26.61,0.19,1,14.24,7.88,1,1,1,3,"All","IV","Alpine",0.689,0.626,11107.1,65.5,-1.1
"120",2010,"France","Correze",45.29,2,1,1,18.96,1.81,0,0,0,0,"None","IV","Continental",0.703,0.853,1343.4,42.3,-1
"121",2010,"France","Cote d'Or",47.53,4.68,1,1,26.47,3.38,0,0,0,0,"None","Not Reported","Continental",0.572,0.684,2981.6,14.6,-0.8
"122",2010,"France","Cotes d'armor",48.44,-3.01,3,1,15.25,0.24,0,0,0,0,"None","Not Protected","Atlantic",0.688,0.84,1201.2,14.7,0
"123",2010,"UK","Cotswolds",51.82,-1.97,10.6,1,21.4,0,0,0,0,0,"None","IV","Atlantic",0.634,0.644,1787.8,11.3,0.2
"124",2010,"France","Creuse",45.82,2.16,1,1,20.61,1.33,0,0,0,0,"None","V","Continental",0.694,0.823,2878,36.9,-1
"125",2014,"Poland","D?browa Forest District",50.28,19.3,5.5,1,41.01,0.34,0,0,0,0,"None","Not Reported","Continental",0.506,0.59,8594.5,28.8,-1.2
"126",2011,"Austria","Danube-Auen NP - Lobau Forest",48.18,16.52,10,1,48.18,0.76,0,0,0,0,"None","II","Continental",0.443,0.526,3090.9,13.5,-0.4
"127",2017,"Latvia","Daugavpils",55.78,26.61,0.5,1,23.3,0.38,0,0,1,1,"Lynx_only","Not Protected","Boreal",0.469,0.582,15979.2,20.3,-0.5
"128",2017,"Latvia","Daugavpils.2",56.09,26.43,1.5,1,26.36,0.87,0,1,0,1,"Wolf_only","Not Protected","Boreal",0.477,0.573,15813.1,24.8,-0.5
"129",2010,"UK","Dean",51.78,-2.58,7.8,1,27.75,0.55,0,0,0,0,"None","IV","Atlantic",0.679,0.727,1390,27.4,0.3
"130",2010,"France","Deux Sevres",46.59,-0.1,3,1,15.76,0.1,0,0,0,0,"None","Not Reported","Atlantic",0.654,0.751,1316.1,9.2,-0.7
"131",2011,"France","Deux sorru (Letia - Guagnu)",42.2,8.91,1.54,0,15.55,7.76,0,0,0,0,"None","V","Mediterranean",0.644,0.901,6775.5,38.2,-0.5
"132",2018,"Slovenia","Diric Mountains",45.58,14.58,6.7,1,17.3,6.49,1,1,1,3,"All","Not Reported","Alpine",0.686,0.792,11432.7,67.6,-0.5
"133",2013,"Romania","Dobreiasu",44.92,25.12,0.21,1,20.08,4.48,0,0,0,0,"None","Not Protected","Continental",0.602,0.663,9017.2,37.4,-0.5
"134",2017,"Belarus","Dobrusski",52.5,31.45,0.15,1,15.65,6.23,0,0,0,0,"None","IV","Continental",0.506,0.569,12464,32.4,-0.7
"135",2015,"UK","Doire Crioich",57.73,-5.48,9,1,16.39,4.96,0,0,0,0,"None","IV","Atlantic",0.418,0.414,7619.3,16.7,0.1
"136",3000,"Spain","Donana",37,-6.5,2.37,0,26.53,1.93,0,0,0,0,"None","II","Mediterranean",0.388,0.538,98.3,7.7,-0.9
"137",2008,"Spain","Donana Biosphere Reserve",37.06,-6.43,1.11,0,19.82,NA,0,0,0,0,"None","II","Mediterranean",0.347,0.447,1446.2,4.1,-0.9
"138",1994,"France","Donon",48.65,7.2,3,1,14.59,4.84,0,0,1,1,"Lynx_only","Not Protected","Continental",0.732,0.74,4757.9,53.6,-1.1
"139",2010,"France","Donon summit",48.28,7.07,7.5,1,23.79,2.67,0,0,0,0,"None","V","Continental",0.704,0.766,5554.1,36.4,-0.9
"140",2010,"France","Dordogne",45,0.8,1,1,22.05,1.39,0,0,0,0,"None","Not Protected","Atlantic",0.643,0.769,609.5,24,-0.9
"141",2010,"France","Doubs",46.61,6.22,1,1,23.04,5.43,0,0,1,1,"Lynx_only","I","Continental",0.567,0.786,27680.9,47.9,-0.5
"142",2010,"France","Drome",44.5,5.43,1,1,20,6.59,0,1,0,1,"Wolf_only","V","Mediterranean",0.575,0.735,4029.4,26.4,-0.9
"143",3000,"Poland","Dulow",50.17,19.83,1.6,1,26.43,0.53,0,0,0,0,"None","IV","Continental",0.505,0.604,11470.7,16,-1
"144",2014,"Germany","Eifel 1",50.11,6.34,2.75,1,20.32,1.09,0,0,0,0,"None","Not Reported","Continental",0.618,0.708,5584.9,20.7,-1
"145",2014,"Germany","Eifel 2",50.46,7.04,5.5,1,17.03,6.27,0,0,0,0,"None","Not Reported","Continental",0.677,0.71,4179.9,53.8,-1.1
"146",2014,"Germany","Eifel 3",50.54,7.37,5.5,1,23.72,3.42,0,0,0,0,"None","Not Reported","Continental",0.661,0.696,2192.2,43,-1.1
"147",2014,"Poland","Elbl?g upland",54.15,19.48,2.75,1,44.13,0.66,0,1,0,1,"Wolf_only","IV","Continental",0.489,0.619,11184.3,15.6,-0.7
"148",2003,"France","Entrevaux",43.95,6.81,5,1,13.8,6.92,0,1,0,1,"Wolf_only","V","Mediterranean",0.587,0.773,4159.3,31.1,-0.8
"149",3000,"UK","Eredine",56.2,-5.45,17.6,1,20.65,0.67,0,0,0,0,"None","Not Protected","Atlantic",0.612,0.602,4869.2,33.3,0.5
"150",2017,"Latvia","Ergli",56.77,25.7,3,1,19.88,1.25,0,1,0,1,"Wolf_only","Not Protected","Boreal",0.468,0.572,19397.8,26.4,-0.2
"151",2010,"France","Essone",48.42,2.28,1,1,25.13,1.05,0,0,0,0,"None","IV","Atlantic",0.536,0.623,1513,11.9,-1
"152",2003,"France","Esterel 1998",43.5,6.82,1.87,1,34.46,3.71,0,0,0,0,"None","IV","Mediterranean",0.635,0.919,544.5,40.9,-1
"153",2001,"Norway","Etne",59.9,6.42,1.5,1,13.52,8.84,0,0,0,0,"None","I","Alpine",0.215,0.222,33357.5,19.6,0.3
"154",2010,"France","Eure",48.93,1.13,5,1,27.62,0.82,0,0,0,0,"None","Not Protected","Atlantic",0.565,0.614,1480.7,8.7,-0.7
"155",2010,"France","Eure Loir",48.52,1.38,7,1,27.24,0.99,0,0,0,0,"None","Not Protected","Atlantic",0.533,0.569,1533.4,5.9,-0.9
"156",3000,"Spain","Extremadura",39,-6,1,1,35.73,0.71,0,0,0,0,"None","Not Reported","Mediterranean",0.417,0.353,134.6,2,-0.6
"157",2013,"Romania","Fagetel",46.46,25.95,0.21,1,21.68,4.89,1,1,1,3,"All","Not Reported","Alpine",0.503,0.658,24737.5,32.2,-0.9
"158",1995,"Belgium","Famenne",50.04,5.17,5,1,19.27,3.25,0,0,0,0,"None","IV","Continental",0.665,0.746,3115.9,50.1,-0.9
"159",2014,"Germany","Fichtengebirge",50.12,11.85,0.75,1,22.23,2.63,0,0,0,0,"None","IV","Continental",0.564,0.64,11215.7,37.6,-0.7
"160",2010,"France","Finistere",48.21,-3.67,1,1,14.17,0,0,0,0,0,"None","IV","Atlantic",0.685,0.817,798.1,10.7,0.2
"161",2001,"Norway","Fitjar",59.9,5.36,0.9,1,23.23,5.61,0,0,0,0,"None","I","Atlantic",0.492,0.558,14782.6,36.5,0.3
"162",2001,"Norway","Fjell",60.32,5.08,0.5,1,33.02,4.45,0,0,0,0,"None","Not Protected","Atlantic",0.48,0.56,10594.3,34.1,0.3
"163",2009,"France","Foret de Chaux",47.13,6.1,2.75,1,24.27,2.72,0,0,1,1,"Lynx_only","IV","Continental",0.669,0.822,4995.6,31.4,-0.6
"164",1999,"France","Foret de Rambouillet",48.68,1.81,7.5,1,30.41,1.99,0,0,0,0,"None","IV","Atlantic",0.635,0.744,1170.7,27.1,-0.9
"165",2013,"Romania","Fracea",45.48,25.01,0.22,1,10.92,8.4,1,1,1,3,"All","Not Reported","Alpine",0.435,0.582,30080.2,43.8,-0.5
"166",2014,"Spain","Fraga",41.41,0.1,4.5,1,17.19,4.38,0,0,0,0,"None","Not Reported","Mediterranean",0.396,0.384,671,6.6,-0.6
"167",2014,"Germany","Frankische Alb nord",49.75,11.99,5.5,1,21.41,2.38,0,0,0,0,"None","IV","Continental",0.602,0.656,7592.8,36.6,-1.1
"168",2014,"Germany","Frankische Alb sued",49.32,11.72,2.75,1,16.35,2.38,0,0,0,0,"None","V","Continental",0.577,0.646,8671.1,31.4,-1.1
"169",2001,"Norway","Fusa",60.2,5.75,0.9,1,19.43,8.79,0,0,0,0,"None","I","Atlantic",0.459,0.539,16865.3,42.5,0.4
"170",3000,"UK","Galloway_Forest",54.99,-4.37,10,1,24.84,1.72,0,0,0,0,"None","II","Atlantic",0.583,0.678,4664.1,37.6,0.4
"171",2003,"France","Garavagne-Cheiron (2003)",44.33,7.02,3.5,1,8.6,5.74,0,1,0,1,"Wolf_only","Not Reported","Alpine",0.303,0.493,52022.7,21.1,-0.9
"172",2010,"France","Gard",44.19,3.86,1,1,14.61,5.43,0,0,0,0,"None","V","Mediterranean",0.689,0.803,808.1,43.9,-1
"173",1998,"Hungary","Gemenc",46.27,19.19,3.5,1,23.39,0.07,0,0,0,0,"None","Not Protected","Pannonian",0.529,0.504,6462.5,9,-0.4
"174",2010,"France","Gironde",44.98,-0.97,1,1,15.5,2.86,0,0,0,0,"None","V","Atlantic",0.677,1.026,721.4,38.3,-0.8
"175",1994,"UK","Glen Feshie",57.01,-3.92,20,1,16.24,6.31,0,0,0,0,"None","III","Atlantic",0.459,0.389,15209,26.5,0.2
"176",1994,"UK","Glen Tar",57.06,-2.84,16,1,22.69,4.75,0,0,0,0,"None","II","Atlantic",0.643,0.575,10606.6,38.9,0
"177",3000,"UK","Glenbranter_Forest",56.13,-5.04,12,1,20.31,4.93,0,0,0,0,"None","IV","Atlantic",0.584,0.605,7088,39.1,0.5
"178",2017,"Belarus","Gomel",52.28,30.98,0.45,1,20.9,2.53,0,0,0,0,"None","Not Protected","Continental",0.486,0.558,12952.7,28,-0.7
"179",3000,"Croatia","Gorski_kotar",45.53,14.66,1.19,1,19.09,4.63,1,1,1,3,"All","Not Reported","Alpine",0.653,0.879,8183.1,63.6,-0.6
"180",2014,"Poland","Grudzi?dzki",53.45,18.75,1.07,1,44.61,0.25,0,0,0,0,"None","Not Reported","Continental",0.475,0.561,9016.4,15.1,-0.8
"181",2017,"Latvia","Gulbene",57.31,26.81,0.5,1,17.25,2.08,0,0,0,0,"None","Not Protected","Boreal",0.478,0.573,18535.6,26.9,-0.2
"182",2001,"Norway","Gulen",61,5.09,0.5,1,15.09,8.53,0,0,0,0,"None","Not Protected","Atlantic",0.425,0.527,13116.1,30.5,0.3
"183",2014,"Germany","Hainich unmanaged forest",51.08,10.44,5.3,0,24.51,4.93,0,0,0,0,"None","II","Continental",0.607,0.699,4426.9,44.3,-0.8
"184",2006,"Hungary","Hajosszentgyorg",46.63,19.67,6,1,25.17,0.26,0,0,0,0,"None","II","Pannonian",0.534,0.517,5773.4,10.3,-0.3
"185",2014,"Hungary","Hajosszentgyorgy",46.4,19.12,7.6,1,27.59,0,0,0,0,0,"None","IV","Pannonian",0.505,0.52,5831.1,4.6,-0.3
"186",2001,"Norway","Hangesund",59.44,5.29,0.5,1,37.13,4.52,0,0,0,0,"None","I","Atlantic",0.521,0.659,10838,29.8,0.2
"187",2001,"Norway","Haran",62.56,6.42,2.2,1,27.7,7.97,0,0,0,0,"None","I","Atlantic",0.436,0.518,15877.7,28,0
"188",2001,"Norway","Hareid",62.37,5.98,4,1,34.16,7.27,0,0,0,0,"None","I","Atlantic",0.419,0.528,18574.2,25.8,0.1
"189",2010,"France","Haut Rhin",47.98,7.19,3,1,18.73,6.51,0,0,1,1,"Lynx_only","IV","Continental",0.719,0.757,3275.9,51.4,-0.8
"190",2010,"France","Haute Garonne",43.13,0.89,3,1,27.36,0.89,0,0,0,0,"None","IV","Atlantic",0.645,0.831,737.7,15.8,-1.1
"191",2010,"France","Haute Loire",45.03,3.55,3,1,24.8,2.96,0,0,0,0,"None","Not Reported","Continental",0.667,0.819,4493.5,30.5,-1.2
"192",2010,"France","Haute Marne",47.94,5.12,1,1,22.87,5.76,0,0,0,0,"None","II","Continental",0.616,0.766,2213.6,33.8,-0.8
"193",2010,"France","Haute Saone",47.41,5.87,1,1,22.23,4.62,0,0,0,0,"None","IV","Continental",0.651,0.797,1460.2,30.3,-0.6
"194",2010,"France","Haute Savoie",46.17,6.57,3,1,15.85,4.82,0,0,0,0,"None","IV","Alpine",0.464,0.669,39356.3,39.2,-0.4
"195",2010,"France","Haute Vienne",45.78,1.12,1,1,34.17,0.22,0,0,0,0,"None","V","Continental",0.686,0.795,849.5,11.7,-0.8
"196",1995,"Belgium","Hautes-Fagnes Elsenborn",50.47,6.22,4.75,1,19.83,0.91,0,0,0,0,"None","IV","Continental",0.581,0.685,10095.8,28.8,-0.8
"197",1995,"Belgium","Hautes-Fagnes Hertogenwald",50.34,6.02,4,1,16.77,1.64,0,0,0,0,"None","IV","Continental",0.651,0.741,6863.4,41,-0.8
"198",1995,"Belgium","Hautes-Fagnes Walhorn and Eupen",50.68,6.05,3.78,1,38.08,0.81,0,0,0,0,"None","IV","Atlantic",0.702,0.714,4613.3,19.3,-0.8
"199",2010,"France","Hautes Alpes",44.72,6.84,3,1,7.29,5.1,0,1,0,1,"Wolf_only","V","Alpine",0.305,0.504,57974.9,23.7,-0.9
"200",2010,"France","Hautes Pyrenees",42.91,-0.05,5,1,26.22,6.05,1,0,0,1,"Bear_only","V","Alpine",0.548,0.793,19869.5,39.3,-1
"201",2010,"France","Herault",43.66,3.14,1,1,27.08,4.16,0,0,0,0,"None","V","Mediterranean",0.65,0.894,404.5,33.5,-1.3
"202",2006,"Belgium","Hertogenwald",50.35,6.05,5,1,18.77,1.42,0,0,0,0,"None","IV","Continental",0.649,0.738,6740.2,38.7,-0.8
"203",2014,"Germany","Hessen 1",50.74,8.42,0.75,1,23.21,3.32,0,0,0,0,"None","IV","Continental",0.616,0.682,4009.9,46.3,-1.1
"204",2014,"Germany","Hessen 2",50.56,9.52,0.75,1,27.05,4.14,0,0,0,0,"None","IV","Continental",0.6,0.652,4482.1,24.7,-1.1
"205",2014,"Germany","Hessen 3",51.02,8.91,0.75,1,20.82,3.82,0,0,0,0,"None","IV","Continental",0.59,0.665,5495.1,28.9,-1.1
"206",2014,"Germany","Hessen 4",50.82,9.78,2.75,1,31.34,2.24,0,0,0,0,"None","V","Continental",0.589,0.637,4932.7,25.7,-1
"207",2014,"Germany","Hessen 5",51.07,9.75,2.75,1,24.41,3.58,0,0,1,1,"Lynx_only","Not Reported","Continental",0.607,0.654,4942.5,31.7,-0.9
"208",2014,"Germany","Hessen 6",50.28,8.46,2.75,1,19.71,4,0,0,0,0,"None","IV","Continental",0.631,0.638,4769.2,46.1,-1.2
"209",2010,"UK","High Meadow",51.84,-2.63,15,1,28.92,0.03,0,0,0,0,"None","IV","Atlantic",0.687,0.696,1549,23.9,0.3
"210",2009,"Estonia","Hiiumaa",58.88,22.64,0.56,1,18.29,3.23,0,0,1,1,"Lynx_only","Not Reported","Boreal",0.52,0.764,15533.4,47.4,-0.7
"211",2001,"Norway","Hitra",63.54,8.8,1.7,1,15.9,9.19,0,0,0,0,"None","Not Protected","Atlantic",0.477,0.494,20858.3,34,-0.4
"212",2017,"Belarus","Hluski",52.87,28.74,0.35,1,21.52,2.78,0,0,0,0,"None","Not Protected","Continental",0.492,0.577,12827.2,28.7,-0.5
"213",2000,"Netherlands","Hoog-Soeren",52.21,5.86,5,1,26.44,3.56,0,0,0,0,"None","IV","Atlantic",0.655,0.741,3051.3,49,-0.5
"214",3000,"Netherlands","Hoog_Soeren",52.23,5.86,1.5,1,23.74,4.41,0,0,0,0,"None","IV","Atlantic",0.665,0.753,3056.7,51,-0.5
"215",2017,"Belarus","Horacki",54.28,31.08,0.45,1,23.61,NA,0,0,0,0,"None","Not Protected","Boreal",0.38,0.51,18164.2,4.8,-0.5
"216",3000,"Czech Republic","Hostenicky_Forest",49.25,16.75,3,1,28.44,1.39,0,0,0,0,"None","III","Continental",0.589,0.594,5038,42.7,-0.7
"217",2013,"Romania","Huluba",45.05,25.05,0.22,1,22.64,5.29,0,1,0,1,"Wolf_only","Not Reported","Continental",0.606,0.702,8664.9,42.8,-0.6
"218",2014,"Germany","Hunsrueck 1",49.61,6.75,5.5,1,24.9,2.87,0,0,0,0,"None","IV","Continental",0.656,0.71,5005.1,44.8,-1.1
"219",2014,"Germany","Hunsrueck 2",49.78,7.21,2.75,1,18.27,3.36,0,0,0,0,"None","II","Continental",0.641,0.69,5513,48.1,-1.1
"220",2001,"Norway","Hyllestad",61.19,5.34,2,1,17.67,7.55,0,0,0,0,"None","I","Atlantic",0.453,0.51,20686.4,36.1,0.4
"221",1996,"Switzerland","Il Fuorn",46.66,10.21,15,NA,16.82,8.18,0,0,0,0,"None","I","Alpine",0.275,0.302,54230.5,25.2,-0.7
"222",2011,"Poland","Ilawa",53.47,20.3,10.7,1,19.24,2.36,0,0,0,0,"None","Not Reported","Continental",0.47,0.568,13120.8,20,-0.9
"223",2010,"France","Ile et Vilaine",48.01,-2.09,3,1,14.7,0.88,0,0,0,0,"None","Not Reported","Atlantic",0.678,0.761,579.8,15.7,-0.3
"224",2010,"France","Indre",46.72,1.37,7,1,16.45,2.52,0,0,0,0,"None","IV","Atlantic",0.663,0.739,1000.8,21.3,-0.9
"225",2010,"France","Indre Loire",47.18,0.62,5,1,30.17,0.08,0,0,0,0,"None","V","Atlantic",0.569,0.648,1403,6.5,-0.8
"226",2010,"France","Isere",45.2,5.62,1,1,30.56,3,0,1,1,2,"Wolf_lynx","I","Alpine",0.562,0.793,16292.5,39.2,-1
"227",3000,"UK","Isle of Mull",56.42,-6.17,15.06,1,20.06,4.76,0,0,0,0,"None","III","Atlantic",0.452,0.551,4459.4,10.5,0.3
"228",2000,"UK","Isle of Rum North Block",57.25,-6.07,29.17,1,18.66,NA,0,0,0,0,"None","III","Atlantic",0.422,0.46,7237.7,20.4,0.2
"229",3000,"UK","Isle_of_Rum",57.02,-6.28,10.4,1,15.92,NA,0,0,0,0,"None","II","Atlantic",0.382,0.502,4523.9,14,0.2
"230",2017,"Belarus","Ivanauski",52.25,25.52,0.15,1,18.28,1.67,0,0,0,0,"None","Not Protected","Continental",0.513,0.597,11347.8,23.6,-0.6
"231",2017,"Latvia","Jaunjelgava",56.45,25.27,1.5,1,16.63,2.41,0,0,0,0,"None","IV","Boreal",0.556,0.614,14628.7,45.3,-0.3
"232",2017,"Latvia","Jelgava",56.53,23.85,1.5,1,21.42,NA,0,0,0,0,"None","Not Protected","Boreal",0.41,0.481,17735.7,4.3,-0.5
"233",2001,"Czech Republic","Jeseniky Mountains",50.08,17.27,20,1,15.33,6.35,0,0,1,1,"Lynx_only","III","Continental",0.608,0.597,16503.5,60.5,-1
"234",2001,"Norway","Jolster",61.57,6.55,1.7,1,13.6,6.54,0,0,0,0,"None","II","Alpine",0.225,0.231,27958.3,16,0.2
"235",3000,"Poland","Jozefow",50.42,22.93,1,1,15.47,4.33,0,1,1,2,"Wolf_lynx","V","Continental",0.527,0.599,10365,26.5,-0.7
"236",2010,"France","Jura",46.41,6,1,1,18.05,4.89,0,0,1,1,"Lynx_only","IV","Continental",0.543,0.755,32887.6,50.3,-0.5
"237",2017,"Belarus","Kalinkavicki",52.25,29.49,0.15,1,19.35,2.4,0,0,0,0,"None","Not Protected","Continental",0.512,0.559,11831.7,32.6,-0.5
"238",2017,"Latvia","Kandava",56.91,22.58,5,1,17.62,1.24,0,0,0,0,"None","Not Protected","Boreal",0.501,0.633,16308.3,25,-0.5
"239",2017,"Belarus","Karmianski",53.42,31.45,0.25,1,18.14,5.69,0,0,0,0,"None","Not Protected","Boreal",0.549,0.614,11616.6,48.3,-0.5
"240",3000,"Austria","Karnten",46.75,14.25,2.43,1,17.95,1.47,0,0,0,0,"None","V","Alpine",0.605,0.782,13889.4,36,-0.5
"241",2017,"Latvia","Karsava",56.79,27.8,0.5,1,20.39,3.13,0,1,1,2,"Wolf_lynx","Not Protected","Boreal",0.481,0.566,17709.5,28,-0.4
"242",3000,"Russia","Kavkazkii_Reserve",43.83,41.33,1.33,NA,NA,0,0,0,0,0,"None","Not Protected","Alpine",0.587,0.989,8088.7,64.5,-0.6
"243",2010,"UK","King's Forest",52.33,0.65,26.5,1,27.17,0.03,0,0,0,0,"None","IV","Atlantic",0.617,0.65,1882.3,16.6,-0.2
"244",2014,"Sweden","Kolmarden",59.3,16.72,3.2,1,22.16,1.11,0,0,1,1,"Lynx_only","I","Boreal",0.561,0.64,19757.6,37.1,0
"245",2018,"Serbia","Kovin",44.74,21.01,2.14,1,36.91,1.53,0,0,0,0,"None","Not Protected","Pannonian",0.422,0.47,6318.9,6.6,-0.7
"246",2014,"Poland","Kraje?sk",53.17,17.98,4.21,1,43.25,0.77,0,0,0,0,"None","Not Protected","Continental",0.532,0.577,6786.2,35.4,-0.8
"247",2010,"Czech Republic","Kralicky Sneznik Reserve",50.15,16.83,33.7,1,19.02,2.45,0,0,1,1,"Lynx_only","IV","Continental",0.523,0.619,18097.6,46.4,-1
"248",2017,"Latvia","Kraslava",55.96,27.06,0.5,1,23.72,1.14,0,0,0,0,"None","Not Protected","Boreal",0.468,0.572,17109.7,22.5,-0.6
"249",2017,"Latvia","Kraslava.2",55.87,27.55,0.5,1,31.01,1.7,0,0,0,0,"None","IV","Boreal",0.449,0.571,17185.9,18.4,-0.6
"250",2015,"Slovakia","Kremnica Mountains",48.69,19,3.51,1,22.6,6.75,0,0,1,1,"Lynx_only","I","Alpine",0.638,0.673,10859.3,64.5,-0.3
"251",2018,"Slovakia","Kremnicke Vrchy Mountains",48.65,19,2.17,1,20.44,6.68,0,0,1,1,"Lynx_only","I","Alpine",0.639,0.741,8920.2,57.9,-0.3
"252",2017,"Belarus","Kruhlianski",54.17,29.58,0.65,1,19.03,4.14,0,0,0,0,"None","Not Protected","Boreal",0.486,0.582,14274.1,29.6,-0.6
"253",2017,"Belarus","Krupski",54.4,29.13,0.25,1,17.74,2.45,0,0,0,0,"None","IV","Boreal",0.427,0.552,17053.8,10.1,-0.6
"254",2014,"Poland","Kujawski",53.07,18.03,1.68,1,41.74,1.41,0,1,0,1,"Wolf_only","Not Protected","Continental",0.559,0.56,7194.2,40,-0.8
"255",2017,"Latvia","Kuldiga",56.79,21.81,3,1,18.59,1.02,0,0,0,0,"None","III","Boreal",0.509,0.667,15474.3,25.9,-0.4
"256",2001,"Norway","Kvam",60.41,6.12,0.5,1,25.56,6.16,0,0,0,0,"None","Not Reported","Alpine",0.281,0.308,32077.6,21.1,0.4
"257",2001,"Norway","Kvinnherad",60.06,6.1,1.5,1,18.08,9,0,0,0,0,"None","II","Alpine",0.31,0.355,23216.8,27.9,0.4
"258",2015,"Hungary","Labod region",46.18,17.5,0.83,1,17.64,1.98,0,0,0,0,"None","Not Reported","Pannonian",0.618,0.607,3615.3,36.7,-0.6
"259",2001,"Norway","Laerdal",61,7.72,0.8,1,7.92,8.91,0,0,0,0,"None","Not Protected","Alpine",0.184,0.174,34064.3,14.9,0.3
"260",2011,"Italy","Lago Revine",46,12.16,1.5,1,20.41,3.83,0,0,0,0,"None","Not Reported","Alpine",0.653,0.74,5036.6,48.1,-0.5
"261",2011,"Italy","Lamar",46.12,11.06,2,1,34.41,2.46,1,0,1,2,"Bear_lynx","IV","Alpine",0.535,0.724,11862.9,30.7,-0.8
"262",2010,"France","Landes",43.96,-1.07,1,1,10.72,0.11,0,0,0,0,"None","Not Reported","Atlantic",0.646,0.911,877.2,38.3,-0.9
"263",2017,"Latvia","Latvia",56.28,27.62,1.5,1,17.96,3.58,0,1,0,1,"Wolf_only","II","Boreal",0.488,0.602,16763.9,38.9,-0.5
"264",2013,"Romania","Leaota",45.32,25.3,0.24,1,18,8.23,1,1,1,3,"All","V","Alpine",0.562,0.645,22872.1,52.9,-0.6
"265",2015,"Austria","Lechtal",47.2,10.32,5.6,1,20.45,7.73,0,0,0,0,"None","IV","Alpine",0.271,0.367,51982.3,20.1,-0.4
"266",2010,"Slovenia","Leskova doli",45.6,14.47,3,1,8.39,6.75,1,1,1,3,"All","Not Reported","Alpine",0.675,0.782,11391.2,71.7,-0.5
"267",2015,"UK","Liathach",57.57,-5.45,4.7,1,19.2,4.53,0,0,0,0,"None","II","Atlantic",0.338,0.345,10994.8,17.2,0.2
"268",2013,"Liechtenstein","Liechtenstein",47.1,9.4,3,1,25.16,3.47,0,0,1,1,"Lynx_only","IV","Alpine",0.472,0.608,28695.3,31.7,-0.4
"269",2017,"Latvia","Limbazi",57.58,24.51,0.5,1,21.14,2.22,0,1,0,1,"Wolf_only","V","Boreal",0.516,0.7,16621.9,36.5,-0.2
"270",2001,"Norway","Lindas",60.62,5.34,0.5,1,27.18,5.96,0,0,0,0,"None","Not Reported","Atlantic",0.558,0.599,16714.8,48.7,0.4
"271",2010,"France","Loire Atl",47.53,-1.77,1,1,15.9,1.12,0,0,0,0,"None","Not Reported","Atlantic",0.705,0.835,442.7,19.5,-0.5
"272",2010,"France","Loire Cher",47.43,1.45,3,1,27.24,2.48,0,0,0,0,"None","Not Reported","Atlantic",0.572,0.648,757.9,15.7,-0.9
"273",2010,"France","Loiret",48.03,2.3,3,1,19.91,3.55,0,0,0,0,"None","Not Reported","Atlantic",0.633,0.762,697.8,26,-0.9
"274",2017,"Belarus","Lojauski",51.98,30.63,0.15,1,26.3,1.3,0,0,0,0,"None","Not Protected","Continental",0.461,0.536,14177.5,17.2,-0.7
"275",2015,"Portugal","Lombada tiol Hunting Area",41.98,-7.2,5.81,1,17.37,2.18,0,1,0,1,"Wolf_only","V","Mediterranean",0.576,0.742,402.3,25.5,-0.4
"276",2019,"Croatia","Lonjsko Polje Nature Park - opeke",45.38,16.82,0.84,1,21.88,6.17,0,0,0,0,"None","Not Reported","Continental",0.603,0.694,3150.9,45.8,-0.7
"277",2019,"Croatia","Lonjsko Polje Nature Park - Posavske Sume",45.3,16.7,0.33,1,25.2,5.45,0,0,0,0,"None","Not Reported","Continental",0.632,0.732,4486.7,46.6,-0.8
"278",2011,"Italy","Losego",46.14,12.28,2.6,1,35.36,2.32,0,0,0,0,"None","Not Reported","Alpine",0.565,0.668,4574.8,33.3,-0.5
"279",2010,"France","Lot",44.58,1.25,1,1,19.63,1.49,0,0,0,0,"None","Not Protected","Atlantic",0.674,0.827,443.5,22.4,-1.1
"280",2010,"France","Lot Garonne",44.52,0.75,1,1,27.69,0,0,0,0,0,"None","Not Protected","Atlantic",0.575,0.714,640.9,8.1,-1.1
"281",2017,"Portugal","Lousa Mountains",40.05,-8.25,3.1,1,18.73,2.31,0,0,0,0,"None","Not Reported","Mediterranean",0.688,0.797,510.1,47.2,-0.4
"282",2010,"UK","Lower Woods",51.58,-2.37,6.7,1,29.79,0,0,0,0,0,"None","IV","Atlantic",0.682,0.698,1541,9,0.3
"283",2010,"France","Lozere",44.66,3.47,1,1,21.29,1.47,0,0,0,0,"None","Not Protected","Continental",0.577,0.783,11515.3,21.9,-1.1
"284",2017,"Latvia","Ludza",56.37,27.9,0.5,1,15.72,3.13,0,0,0,0,"None","IV","Boreal",0.462,0.57,18012.8,26.1,-0.5
"285",2011,"Germany","Lusatian heath",51.71,14.41,0.78,1,39.5,0.52,0,1,0,1,"Wolf_only","IV","Continental",0.587,0.569,5522.9,28.8,-0.9
"286",2001,"Norway","Luster",61.58,7.4,0.5,1,9.43,9.16,0,0,0,0,"None","II","Alpine",0.057,0.121,28183,5.8,0.2
"287",2017,"Latvia","Madona",56.75,26.13,1.5,1,21.28,3.36,0,1,1,2,"Wolf_lynx","II","Boreal",0.501,0.595,16472.8,37.9,-0.2
"288",2010,"France","Maine Loire",47.42,0.03,1,1,24.75,0.97,0,0,0,0,"None","V","Atlantic",0.658,0.734,1160.4,21.3,-0.7
"289",2017,"Belarus","Maladziecankaski",54.25,26.87,0.25,1,26.57,1.44,0,0,0,0,"None","Not Protected","Boreal",0.434,0.56,13998.3,9.9,-0.6
"290",2011,"UK","Mar Lodge Estate",57,-3.35,13.63,1,21.76,6.09,0,0,0,0,"None","II","Atlantic",0.541,0.483,14805.8,33.4,0.1
"291",2010,"France","Marne",49.06,4.08,3,1,36.62,1.72,0,0,0,0,"None","V","Continental",0.511,0.582,1315.7,8.2,-1.1
"292",2001,"Norway","Masfjorden",60.89,5.64,0.7,1,11.55,8.6,0,0,0,0,"None","Not Protected","Alpine",0.253,0.287,31593.1,22.3,0.4
"293",2003,"France","Massif de la Pitelle",45.19,2.9,11,1,12.65,1.3,0,0,0,0,"None","IV","Continental",0.6,0.784,12138.9,17.6,-1
"294",1990,"France","Massif du Capcir",42.62,2.12,0.6,1,20.08,4.79,1,1,0,2,"Bear_wolf","V","Alpine",0.553,0.797,28271.5,37.7,-1
"295",2010,"France","Mayenne",48.26,-0.77,1,1,22.45,1.48,0,0,0,0,"None","Not Protected","Atlantic",0.686,0.775,1246.3,19.8,-0.5
"296",2014,"Germany","Mecklenburg-Vor 1",53.6,13.7,5.5,1,19.07,2.73,0,0,0,0,"None","IV","Continental",0.555,0.629,5551.5,23.3,-0.6
"297",2014,"Germany","Mecklenburg-Vor 2",53.63,14.25,5.5,1,15.8,5.12,0,1,0,1,"Wolf_only","IV","Continental",0.638,0.689,4728.9,43.4,-0.7
"298",2014,"Germany","Mecklenburg-Vor 3",53.87,13.75,2.75,1,40.62,0.89,0,0,0,0,"None","IV","Continental",0.547,0.691,4679.9,18,-0.5
"299",2014,"Germany","Mecklenburg-Vor 4",54.37,13.44,0.75,1,36.78,1.45,0,0,0,0,"None","IV","Continental",0.569,0.815,5118.8,19.4,-0.4
"300",2014,"Germany","Mecklenburg-Vor 5",54.19,12.38,2.75,1,30.51,2.87,0,0,0,0,"None","V","Continental",0.608,0.705,3797.9,23.9,-0.5
"301",2014,"Germany","Mecklenburg-Vor 6",53.84,11.79,0.75,1,24.96,1.19,0,0,0,0,"None","IV","Continental",0.573,0.702,4770,17.6,-0.6
"302",2014,"Germany","Mecklenburg-Vor 7",53.69,12.46,2.75,1,31.19,1.8,0,0,0,0,"None","IV","Continental",0.567,0.628,5303.6,16.9,-0.6
"303",2014,"Germany","Mecklenburg-Vor 8",53.32,11.27,2.75,1,23.62,1.95,0,1,0,1,"Wolf_only","Not Reported","Continental",0.591,0.643,3963.8,25.1,-0.7
"304",1994,"UK","Meggernie",56.58,-4.37,15,1,20.59,4.83,0,0,0,0,"None","IV","Atlantic",0.448,0.403,14519.2,19.3,0.4
"305",2001,"Norway","Meland",60.55,5.14,1.2,1,33.22,5.84,0,0,0,0,"None","I","Atlantic",0.535,0.629,10237.7,40,0.3
"306",2017,"Latvia","Mersrags",57.32,23.02,3,1,24.96,3.62,0,1,0,1,"Wolf_only","II","Boreal",0.569,0.76,9444.8,48.4,-0.5
"307",2010,"France","Meuse",48.83,5.47,1,1,28.27,4.2,0,0,0,0,"None","V","Continental",0.615,0.729,1898.7,27.6,-1
"308",2017,"Belarus","Mijorski",55.6,27.89,0.55,1,21.63,3.29,0,0,0,0,"None","IV","Boreal",0.455,0.561,17213.1,25.9,-0.6
"309",2002,"Hungary","Mike",46.22,17.54,0.53,1,17.42,2.15,0,0,0,0,"None","Not Reported","Pannonian",0.611,0.598,3566.6,34.7,-0.6
"310",2001,"Norway","Modalen",60.88,5.93,0.5,1,7.68,8.46,0,0,0,0,"None","Not Protected","Alpine",0.185,0.222,32324.5,13.5,0.4
"311",2011,"Italy","Moggio",45.92,9.49,2.3,1,19.02,4.51,0,0,0,0,"None","Not Reported","Alpine",0.585,0.822,16250.6,46.9,-0.5
"312",2011,"France","Moltifau/Castifau",42.49,9.11,1.31,0,12.23,8.09,0,0,0,0,"None","IV","Mediterranean",0.576,0.938,1972.1,22.5,-0.6
"313",2010,"Spain","Monfrague NP",39.83,-5.35,40,1,16.51,NA,0,0,0,0,"None","Not Reported","Mediterranean",0.402,0.425,470,4,-0.8
"314",2011,"Italy","Montarbu",39.85,9.39,2.96,0,18.21,4.05,0,0,0,0,"None","II","Mediterranean",0.686,0.916,745.9,38,-0.5
"315",2011,"Italy","Monte Acuto",43.15,12.28,13.83,0,33.44,0.38,0,0,0,0,"None","Not Reported","Continental",0.572,0.621,410.8,13.6,-0.9
"316",2011,"Italy","Monte Arci",39.76,8.74,4.08,0,20.15,1.97,0,0,0,0,"None","Not Protected","Mediterranean",0.703,0.801,341.3,34.1,-0.3
"317",2007,"Italy","Monte Arcosu",39.11,8.51,25.5,0,39.14,0,0,0,0,0,"None","Not Reported","Mediterranean",0.456,0.853,181.1,4.3,-0.1
"318",2011,"Italy","Monticolo",46.25,11.17,0.5,1,26.36,4.38,1,0,0,1,"Bear_only","IV","Alpine",0.617,0.748,5877.3,43.2,-0.7
"319",2011,"Italy","Montimannu",39.45,8.72,18.46,0,22.38,3.68,0,0,0,0,"None","Not Reported","Mediterranean",0.641,0.842,420.4,20.7,-0.2
"320",2006,"Czech Republic","Morava River",48.77,17.08,9.6,1,27.9,0.65,0,0,0,0,"None","IV","Pannonian",0.539,0.556,5903.1,19.2,-0.4
"321",3000,"Czech Republic","Morava_river",48.83,17,12.8,1,31.79,0.06,0,0,0,0,"None","Not Reported","Pannonian",0.485,0.528,7761.3,4.1,-0.4
"322",2010,"France","Morbihan",47.84,-2.67,1,1,19.05,0.02,0,0,0,0,"None","Not Protected","Atlantic",0.684,0.783,705.4,12.7,-0.2
"323",3000,"Russia","Mordovskii_Reserve",54.78,43.45,0.08,1,NA,0,0,0,0,0,"None","I","Continental",0.504,0.569,17348,48.8,-0.3
"324",2010,"France","Moselle",48.58,7.16,7,1,15.22,5.46,0,0,1,1,"Lynx_only","IV","Continental",0.726,0.739,6563.7,55.9,-1
"325",2014,"Croatia","MOSLAVACKA GORA",45.65,16.71,4,1,14.14,7.96,0,0,0,0,"None","Not Reported","Continental",0.695,0.786,2918.4,62.5,-0.8
"326",2010,"UK","Mundford",52.49,0.59,37,1,30.29,0.3,0,0,0,0,"None","IV","Atlantic",0.615,0.652,1849.3,17.1,-0.2
"327",2012,"Belarus","Naliboki Forest",53.9,26.42,0.99,0,15.45,6,0,0,0,0,"None","IV","Continental",0.572,0.634,9622.6,48.7,-0.6
"328",2001,"Norway","Namsos",64.41,11.52,1.7,1,32.12,7.83,0,0,1,1,"Lynx_only","I","Atlantic",0.461,0.477,21149.2,37.1,-0.2
"329",2017,"Belarus","Naraulianski",51.81,29.43,0.15,1,25.66,3.44,0,0,0,0,"None","Not Protected","Continental",0.526,0.548,10334.8,35,-0.7
"330",2015,"Belarus","Narochansky",54.89,26.55,0.07,1,19.49,6.16,0,0,0,0,"None","Not Protected","Boreal",0.546,0.628,11927,49.1,-0.5
"331",2010,"UK","Nash Wood",52.25,-3.05,4.2,1,17.01,0.49,0,0,0,0,"None","IV","Atlantic",0.69,0.611,2388.3,14.9,0.3
"332",3000,"Ukraine","National_Park_Skolivski_Beskydy",49.05,23.22,1.2,NA,15.82,6.92,0,0,0,0,"None","III","Alpine",0.584,0.697,13481.3,60.7,-0.4
"333",2017,"Latvia","Nautreni",56.74,27.45,0.5,1,20.52,2.66,0,1,0,1,"Wolf_only","Not Protected","Boreal",0.46,0.555,17981,18.1,-0.4
"334",2017,"Belarus","Niasvizski",53.26,26.65,0.25,1,25.75,0.6,0,0,0,0,"None","Not Protected","Continental",0.418,0.534,14744,11.7,-0.5
"335",2014,"Germany","Niedersachsen 1",52.27,7.09,0.75,1,30.59,0.07,0,0,0,0,"None","IV","Atlantic",0.64,0.667,2852.4,17.6,-0.7
"336",2014,"Germany","Niedersachsen 2",51.82,9.56,0.75,1,25.08,4.15,0,0,0,0,"None","IV","Continental",0.638,0.663,6134.1,52.7,-0.8
"337",2014,"Germany","Niedersachsen 3",51.72,10.45,5.5,1,14,5.84,0,0,0,0,"None","II","Continental",0.62,0.619,9663.4,61.2,-0.6
"338",2014,"Germany","Niedersachsen 4",52.66,10.4,0.75,1,25.59,1.49,0,0,0,0,"None","IV","Atlantic",0.571,0.621,4067,19.6,-0.8
"339",2014,"Germany","Niedersachsen 5",52.9,10.32,2.75,1,16.05,4.25,0,1,0,1,"Wolf_only","IV","Atlantic",0.641,0.665,4370.1,47.6,-0.8
"340",2014,"Germany","Niedersachsen 6",53.04,10.39,0.75,1,24.44,1.17,0,0,0,0,"None","IV","Atlantic",0.562,0.622,4278.2,18.3,-0.8
"341",2014,"Germany","Niedersachsen 7",53.04,11.37,0.75,1,25.4,2.99,0,0,0,0,"None","IV","Continental",0.633,0.635,4106.9,34.6,-0.7
"342",2014,"Germany","Niedersachsen 8",53.17,9.87,5.5,1,19.22,5.09,0,0,0,0,"None","IV","Atlantic",0.644,0.692,3634.5,42.2,-0.9
"343",2010,"France","Nievre",46.99,3.64,1,1,14.93,2.85,0,0,0,0,"None","Not Reported","Continental",0.665,0.802,656.6,22.8,-0.9
"344",2010,"France","Nord",44.66,2.12,1,1,23.36,1.84,0,0,0,0,"None","Not Protected","Continental",0.706,0.858,617,21.5,-1.4
"345",2014,"Germany","Nordrhein-West 1",51.88,8.87,2.75,1,25.4,1.35,0,0,0,0,"None","IV","Atlantic",0.619,0.671,4690.5,43.4,-0.8
"346",2014,"Germany","Nordrhein-West 2",51.43,8.23,2.75,1,17.49,2.22,0,0,0,0,"None","IV","Continental",0.658,0.67,5598.7,54.8,-0.9
"347",2014,"Germany","Nordrhein-West 3",51.12,8.26,2.75,1,18.11,3.38,0,0,0,0,"None","IV","Continental",0.615,0.701,8164,47.2,-0.9
"348",2014,"Germany","Nordrhein-West 4",51,6.31,2.75,1,31.78,0,0,0,0,0,"None","IV","Atlantic",0.542,0.608,2411.9,6.6,-0.9
"349",2014,"Germany","Nordrhein-West 5",50.84,7.58,0.75,1,21.94,1.95,0,0,0,0,"None","IV","Continental",0.657,0.71,3938.5,37.8,-0.9
"350",2014,"Germany","Nordrhein-West 6",51.72,6.83,5.5,1,22.22,0.81,0,0,0,0,"None","IV","Atlantic",0.654,0.681,2734.1,24.5,-0.8
"351",3000,"Norway","North_Troendelag",64.4,11,1.07,1,11.62,9.24,0,0,1,1,"Lynx_only","I","Atlantic",0.407,0.46,23975.5,28.4,-0.2
"352",2014,"Germany","Northernmost",54.8,9.27,0.75,1,35.61,0.03,0,0,0,0,"None","IV","Atlantic",0.593,0.709,5008.1,13.9,-0.7
"353",3000,"Slovenia","Notranjsko_South_Central_Slovenia",45.62,14.36,1.46,1,12.1,6.69,1,1,1,3,"All","V","Alpine",0.684,0.811,9225.2,67.6,-0.5
"354",2014,"Germany","Odenwald",49.53,9.02,2.75,1,23.59,5.72,0,0,0,0,"None","IV","Continental",0.687,0.658,3983.6,52.9,-1.2
"355",2017,"Latvia","Ogre",56.81,24.96,0.5,1,19.04,2.1,0,1,0,1,"Wolf_only","II","Boreal",0.513,0.613,17090.8,32.8,-0.2
"356",2010,"France","Oise",49.23,2.65,5,1,37.41,2.94,0,0,0,0,"None","V","Atlantic",0.565,0.668,1349.6,12.1,-1.1
"357",1987,"Denmark","Oksbol",55.64,8.27,4.57,1,35.01,0.63,0,0,0,0,"None","IV","Atlantic",0.592,0.773,5972.1,18.2,-0.6
"358",2017,"Latvia","Olaine",56.77,24.08,0.5,1,20.1,0.22,0,0,0,0,"None","Not Protected","Boreal",0.546,0.657,15536.8,40.3,-0.4
"359",2011,"Netherlands","Oostvaardersplassen",52.45,5.37,44.64,1,31.11,2.51,0,0,0,0,"None","II","Atlantic",0.461,0.693,2809.7,15.6,-0.5
"360",2002,"Romania","Oravifa",45.09,21.84,1,1,23.57,6.43,0,1,1,2,"Wolf_lynx","II","Continental",0.533,0.639,6270.5,11.4,-0.8
"361",2002,"Romania","Oravifa",45.09,21.84,1,1,23.57,6.43,0,1,1,2,"Wolf_lynx","II","Continental",0.627,0.742,10402.9,55.9,-0.6
"362",2002,"Romania","Oravifa",45.09,21.84,1,1,23.57,6.43,0,1,1,2,"Wolf_lynx","II","Continental",0.572,0.648,6367.5,33.3,-0.7
"363",2002,"Romania","Oravifa",45.28,21.86,1,1,28.87,5.06,0,1,1,2,"Wolf_lynx","Not Protected","Continental",0.533,0.639,6270.5,11.4,-0.8
"364",2002,"Romania","Oravifa",45.28,21.86,1,1,28.87,5.06,0,1,1,2,"Wolf_lynx","Not Protected","Continental",0.627,0.742,10402.9,55.9,-0.6
"365",2002,"Romania","Oravifa",45.28,21.86,1,1,28.87,5.06,0,1,1,2,"Wolf_lynx","Not Protected","Continental",0.572,0.648,6367.5,33.3,-0.7
"366",2002,"Romania","Oravifa",45.04,21.68,1,1,27.69,2.69,0,1,0,1,"Wolf_only","II","Continental",0.533,0.639,6270.5,11.4,-0.8
"367",2002,"Romania","Oravifa",45.04,21.68,1,1,27.69,2.69,0,1,0,1,"Wolf_only","II","Continental",0.627,0.742,10402.9,55.9,-0.6
"368",2002,"Romania","Oravifa",45.04,21.68,1,1,27.69,2.69,0,1,0,1,"Wolf_only","II","Continental",0.572,0.648,6367.5,33.3,-0.7
"369",2010,"France","Orne",48.53,0.1,3,1,26.51,3.04,0,0,0,0,"None","IV","Atlantic",0.688,0.783,1347.7,34.2,-0.5
"370",2001,"Norway","Orsta",62.21,6.39,1.7,1,20.23,7.33,0,0,0,0,"None","Not Protected","Atlantic",0.258,0.286,25501.7,21,0.1
"371",2001,"Norway","Osteroy",60.53,5.52,1.2,1,33.12,4.9,0,0,0,0,"None","I",NA,0.523,0.567,18688.8,46.6,0.4
"372",2013,"Norway","Otteroya",64.54,11.22,2.31,1,20.18,8.12,0,0,1,1,"Lynx_only","I","Atlantic",0.429,0.521,13068.9,25.3,-0.2
"373",2014,"Poland","Pa?ucki",52.62,17.71,2.64,1,17.6,0.72,0,0,0,0,"None","Not Protected","Continental",0.56,0.571,7791.1,28.8,-0.9
"374",2011,"Germany","Palatinate forest",49.2,7.75,1.58,1,22.32,3.91,0,0,0,0,"None","Not Reported","Continental",0.686,0.678,2369.8,56.2,-1.2
"375",2017,"Belarus","Pastauski",55.16,26.95,0.55,1,23.23,1.75,0,0,0,0,"None","Not Protected","Boreal",0.481,0.588,14429.8,21.9,-0.6
"376",3000,"Italy","Pistoia_Province",44.13,10.65,3.67,1,17.95,4.92,0,1,0,1,"Wolf_only","I","Continental",0.59,0.757,17547.7,54.4,-1.1
"377",2011,"France","Plateau du Coscione et massif de lâ€™Incudine",41.85,9.19,2.7,0,7.23,8.48,0,0,0,0,"None","V","Mediterranean",0.394,0.652,29962.1,17.4,-0.6
"378",2009,"Serbia","Podunavsko",45.37,16.77,19.8,1,18.87,5.81,0,0,0,0,"None","Not Reported","Continental",0.613,0.683,3376.9,47.7,-0.7
"379",2008,"Slovenia","Pohorje",46.48,15.4,1.2,1,17.87,5.59,0,0,0,0,"None","III","Alpine",0.69,0.651,13553.7,68.8,-0.7
"380",2015,"Belarus","Polessye State Radioecological Reserve",51.65,29.86,0.12,1,24.28,5.79,0,0,0,0,"None","I","Continental",0.536,0.538,8387.7,35.9,-0.8
"381",2013,"Romania","Portareasa",45.36,25.09,0.23,1,14.13,6.13,1,1,1,3,"All","Not Reported","Alpine",0.625,0.754,10664.3,56,-0.6
"382",3000,"Italy","Prato_Province",44,11,6.47,1,18.87,5.6,0,1,0,1,"Wolf_only","I","Continental",0.696,0.833,2580.1,57.6,-1
"383",2017,"Latvia","Prejli",56.4,26.63,1.5,1,20.32,1.6,0,0,0,0,"None","Not Protected","Boreal",0.452,0.557,18039.9,17.2,-0.4
"384",2017,"Latvia","Priekule",56.51,21.4,3,1,26.64,0.19,0,1,0,1,"Wolf_only","IV","Boreal",0.488,0.69,15794.4,13,-0.6
"385",2011,"Poland","Pszczy",50.45,18.4,7.8,1,28.06,0.37,0,0,0,0,"None","Not Protected","Continental",0.511,0.562,9315.9,18.9,-1.4
"386",3000,"Poland","Pszczyna",49.98,18.9,2.6,1,32.62,0.04,0,0,0,0,"None","Not Reported","Continental",0.463,0.574,10399.7,9.3,-1.1
"387",2014,"Poland","Puszcza Piska forest",53.6,21.58,2.75,1,19.54,5.09,0,1,1,2,"Wolf_lynx","IV","Continental",0.564,0.608,11139.1,48.5,-0.6
"388",2010,"France","Puy de Dome",45.58,3.05,1,1,23.13,0.88,0,0,0,0,"None","IV","Continental",0.639,0.772,2636.2,15.9,-1.2
"389",2010,"France","Pyrenees Atl",43.06,-0.98,1,1,17.98,7.05,0,0,0,0,"None","Not Reported","Alpine",0.674,0.926,3764.9,34.6,-0.9
"390",2010,"France","Pyrenees Ori",42.53,2.31,5,1,23.2,5.74,0,1,0,1,"Wolf_only","IV","Alpine",0.617,0.864,4857,39.6,-1.1
"391",2017,"Latvia","Ranka",57.21,26.17,1.5,1,20.12,0.87,0,0,0,0,"None","Not Protected","Boreal",0.485,0.582,19142.7,31.3,-0.2
"392",1994,"UK","Rannoch",56.7,-4.23,15,1,20.67,3.14,0,0,0,0,"None","IV","Atlantic",0.481,0.423,10731.5,22.4,0.4
"393",2017,"Belarus","Rasonski",55.85,28.87,0.65,1,12.99,5.35,0,0,0,0,"None","Not Protected","Boreal",0.509,0.601,14206.6,42.5,-0.4
"394",2001,"Norway","Rauma",62.36,7.91,1.7,1,9.09,9.67,0,0,0,0,"None","II","Alpine",0.106,0.123,30928.6,5.4,0.1
"395",1994,"France","Reserve tiole de la Chasse de la Petite Pierre",48.81,7.33,12.31,1,15.1,5.13,0,0,0,0,"None","IV","Continental",0.689,0.711,2845.1,53.7,-1.1
"396",2012,"Austria","Reutte",47.47,10.73,5.6,1,34.3,4.16,0,0,0,0,"None","IV","Alpine",0.536,0.694,29755.5,41.7,-0.5
"397",2017,"Latvia","Rezekne",56.49,27.16,0.5,1,21.33,1.24,0,0,0,0,"None","Not Protected","Boreal",0.453,0.565,18029.1,19.2,-0.4
"398",2014,"Germany","Rhein-Pf 1",49.92,7.62,5.5,1,15.36,5.5,0,0,0,0,"None","Not Reported","Continental",0.673,0.681,3571.6,57,-1.3
"399",2014,"Germany","Rhon",50.24,10.47,0.75,1,19.75,3.51,0,0,0,0,"None","IV","Continental",0.606,0.61,4767,37.4,-0.9
"400",2018,"Bulgaria","Rosica",42.85,25.12,4.72,1,15.4,7.82,1,1,0,2,"Bear_wolf","V","Alpine",0.652,0.807,8467.5,56.7,-0.4
"401",2015,"UK","Ruadh-stac Beag",57.6,-5.4,2.5,1,17.5,3.61,0,0,0,0,"None","II","Atlantic",0.346,0.334,12565.6,17.6,0.2
"402",3000,"Poland","Rudi_Raciborskie",50.22,18.36,5,1,22.06,2.03,0,0,0,0,"None","V","Continental",0.617,0.622,6010.3,41.7,-1.3
"403",2008,"Poland","Rudy Raciborskie",50.18,18.45,5,1,25.08,0.86,0,0,0,0,"None","V","Continental",0.601,0.614,6595.8,44.3,-1.3
"404",2017,"Latvia","Rujiena",58.04,25.17,0.5,1,20.38,2.8,1,1,1,3,"All","V","Boreal",0.495,0.606,19306.2,34.3,-0.1
"405",2017,"Latvia","Rukava",56.19,21.13,1.5,1,20.57,3.15,0,1,0,1,"Wolf_only","II","Boreal",0.556,0.749,11771.2,36.2,-0.6
"406",2018,"Serbia","Ruma",44.97,19.83,2.03,1,41.06,NA,0,0,0,0,"None","Not Protected","Pannonian",0.443,0.474,5607.2,2.5,-0.7
"407",2009,"Estonia","Saaremaa",58.42,22.49,0.49,1,16.92,3.71,0,0,0,0,"None","V","Boreal",0.527,0.718,16339.7,40.6,-0.6
"408",2014,"Germany","Sachsen-Anh 1",51.67,10.99,2.75,1,16.55,3.48,0,0,0,0,"None","IV","Continental",0.612,0.625,8790.8,43.5,-0.7
"409",2014,"Germany","Sachsen-Anh 2",51.69,12.64,5.5,1,22.91,3.93,0,0,0,0,"None","IV","Continental",0.661,0.618,4650.8,51,-0.6
"410",2014,"Germany","Sachsen-Anh 3",51.72,13.12,5.5,1,23.79,4.95,0,1,0,1,"Wolf_only","IV","Continental",0.642,0.603,4801.2,40.4,-0.9
"411",2014,"Germany","Sachsen-Anh 4",52.46,11.35,0.75,1,18.75,2.22,0,0,0,0,"None","IV","Atlantic",0.604,0.622,3442.9,32.9,-0.7
"412",2014,"Germany","Sachsen 1",50.46,12.53,2.75,1,23.22,3.85,0,0,0,0,"None","IV","Continental",0.683,0.637,12139.7,61.8,-0.7
"413",2014,"Germany","Sachsen 2",50.62,13.29,2.75,1,18.39,4.33,0,0,0,0,"None","IV","Continental",0.59,0.628,14486.4,48.2,-0.7
"414",2014,"Germany","Sachsen 3",50.95,13.52,0.75,1,26.34,1.35,0,0,0,0,"None","IV","Continental",0.636,0.593,10419.5,42.5,-0.8
"415",2014,"Germany","Sachsen 4",51.36,13,0.75,1,28.6,0.94,0,0,0,0,"None","IV","Continental",0.53,0.539,6957.7,8.3,-0.7
"416",2014,"Germany","Sachsen 5",51.32,13.88,0.75,1,19.79,5.59,0,1,0,1,"Wolf_only","IV","Continental",0.608,0.588,5741.6,34.3,-0.8
"417",2017,"Latvia","Sala",56.37,25.7,3,1,18.08,2.64,0,1,0,1,"Wolf_only","IV","Boreal",0.53,0.608,15708.9,40,-0.4
"418",3000,"Austria","Salzburg",47.2,12.75,2.37,1,18.4,4.77,0,0,0,0,"None","II","Alpine",0.23,0.376,42845.1,19.7,0
"419",2001,"Norway","Sande",62.24,5.64,1.7,1,24.8,8.02,0,0,0,0,"None","I","Atlantic",0.449,0.495,17313.9,28.1,0.2
"420",2011,"Italy","Sarcidano",39.87,9.07,2.5,0,28.59,1.28,0,0,0,0,"None","Not Protected","Mediterranean",0.643,0.922,462.9,23,-0.4
"421",2017,"Belarus","Sarkouscynski",55.43,27.37,0.25,1,23.37,1.54,0,0,0,0,"None","Not Protected","Boreal",0.438,0.558,17155.4,12.6,-0.6
"422",2011,"Italy","Sarrabus",39.25,9.34,21.48,0,29.88,2.96,0,0,0,0,"None","Not Reported","Mediterranean",0.617,1.089,347.7,23.8,-0.4
"423",2010,"France","Sarthe",47.84,0.41,3,1,19.98,1.85,0,0,0,0,"None","Not Reported","Atlantic",0.682,0.78,1400.4,24.8,-0.7
"424",2016,"Italy","Sasso Fratino Nature Reserve",43.84,11.83,6.3,0,18.19,7.32,0,1,0,1,"Wolf_only","I","Continental",0.666,0.62,5816.6,57.1,-0.9
"425",2010,"France","Savoie",45.41,6.54,1,1,27.52,3,0,1,0,1,"Wolf_only","IV","Alpine",0.457,0.658,45649.1,38.2,-0.7
"426",2011,"Germany","Schorfheide-Chorin",53.62,14.37,2.3,1,15.87,5.03,0,0,0,0,"None","IV","Continental",0.684,0.686,5052,56.1,-0.7
"427",2014,"Germany","Schwarzwald nord",48.59,8.32,2.75,1,16.01,6.3,0,0,0,0,"None","II","Continental",0.702,0.712,8804.6,61,-0.6
"428",2014,"Germany","Schwarzwald sued",47.79,8.1,5.5,1,15.08,5.15,0,0,0,0,"None","IV","Continental",0.62,0.759,17254.8,52.7,-0.5
"429",2014,"Germany","Segelberger Heide 1",54.15,9.48,0.75,1,19.26,2.01,0,0,0,0,"None","V","Atlantic",0.648,0.671,4406.2,11.3,-0.8
"430",2014,"Germany","Segelberger Heide 2",53.86,10.18,0.75,1,23.57,0.01,0,0,0,0,"None","V","Atlantic",0.594,0.66,5072.9,8.4,-0.8
"431",2014,"Germany","Segelberger Heide 3",53.62,10.72,2.75,1,32.09,1.4,0,0,0,0,"None","IV","Continental",0.602,0.667,3729.9,29.8,-0.8
"432",2010,"France","Seine et Marne",48.49,3.02,1,1,25.11,3.35,0,0,0,0,"None","Not Reported","Atlantic",0.614,0.724,1010.9,27.5,-1
"433",2010,"France","Seine Maritime",49.71,1.3,3,1,21.4,1.98,0,0,0,0,"None","IV","Atlantic",0.663,0.836,1854.3,23.2,-0.6
"434",2017,"Latvia","Seja",57.19,24.42,0.5,1,23.69,4.44,0,0,0,0,"None","II","Boreal",0.525,0.645,15147.1,43.3,-0.3
"435",2015,"Portugal","Serra de Montesinho",41.88,-6.2,1.34,1,22.29,4.76,0,1,0,1,"Wolf_only","Not Reported","Mediterranean",0.575,0.668,620.2,30.8,-0.5
"436",2013,"Romania","Setu",45.29,25.73,0.24,1,17.55,6.97,1,1,1,3,"All","Not Reported","Alpine",0.594,0.761,11375.1,43.9,-0.8
"437",2018,"Serbia","sid - Ku?ine",45.02,19.27,4.48,1,29.76,3.83,0,0,0,0,"None","Not Protected","Continental",0.52,0.475,4672,23.7,-0.6
"438",2018,"Serbia","Sid  - bosutske sume",45.16,19.19,2.7,1,34.71,0.92,0,0,0,0,"None","V","Continental",0.463,0.482,5761.8,5.7,-0.6
"439",2017,"Belarus","Siennienski",54.78,29.9,0.75,1,16.86,3.8,0,0,0,0,"None","Not Protected","Boreal",0.5,0.582,14553.5,30.8,-0.5
"440",2010,"Spain","Sierra de Horchuelos",37.92,-5.27,33,1,13.05,6.77,0,0,0,0,"None","IV","Mediterranean",0.591,0.57,189.2,14.9,-0.8
"441",2010,"Spain","Sierra de San Pedro",39.31,-6.55,15,1,22.24,3.74,0,0,0,0,"None","IV","Mediterranean",0.513,0.516,101.4,7.8,-0.5
"442",3000,"Spain","Sierra_Morena",38.48,-4,1,1,12.93,7.38,0,0,0,0,"None","II","Mediterranean",0.535,0.517,177.3,13.1,-0.8
"443",2005,"Estonia","Simpevarp",57.41,16.66,0.03,1,27.04,3.88,0,0,0,0,"None","I","Boreal",0.49,0.712,9915.2,28,0
"444",2017,"Latvia","Skaune",56.15,27.98,0.5,1,15.58,2.79,0,1,1,2,"Wolf_lynx","IV","Boreal",0.481,0.588,16848.4,31.5,-0.5
"445",2017,"Belarus","Slonimski",53.17,25.35,0.5,1,17.53,3.14,0,0,0,0,"None","Not Protected","Continental",0.556,0.638,9899.4,45.1,-0.6
"446",3000,"Poland","Slowinski_National_Park",54.55,17.77,12.2,0,39.63,1.57,0,0,0,0,"None","Not Protected","Continental",0.537,0.667,8527.6,21.6,-0.5
"447",2017,"Belarus","Smaliaviski",54.16,28.09,0.25,1,20.86,2.52,0,0,0,0,"None","Not Protected","Boreal",0.429,0.552,15599.1,16.8,-0.6
"448",3000,"Poland","Smolniki",54.28,22.88,4.5,1,20.19,0.69,0,0,0,0,"None","IV","Continental",0.479,0.595,16154,20.2,-0.4
"449",2001,"Norway","Snaase",64.21,12.46,0.2,1,11.65,5.78,1,0,1,2,"Bear_lynx","I","Alpine",0.435,0.398,23050,33.1,-0.1
"450",2001,"Norway","Snillfjord",63.42,9.55,1.2,1,15.69,7.54,0,0,1,1,"Lynx_only","I","Atlantic",0.405,0.444,25832.4,31.9,-0.4
"451",2018,"Serbia","Sombor",45.74,19.18,12.39,1,35.74,NA,0,0,0,0,"None","Not Protected","Pannonian",0.49,0.479,6430.5,1.5,-0.6
"452",2010,"France","Somme",49.65,2.48,1,1,24.9,0.05,0,0,0,0,"None","Not Protected","Atlantic",0.52,0.604,1799.1,4.1,-1
"453",3000,"UK","South_Strome",57.4,-5.45,9.5,1,25.67,3.34,0,0,0,0,"None","III","Atlantic",0.466,0.443,7319.7,20,0.2
"454",3000,"Norway","South_Troendelag",63.5,9.65,1.53,1,13.64,9.52,0,0,1,1,"Lynx_only","I","Atlantic",0.404,0.427,24600,28.4,-0.4
"455",2014,"Germany","Spessart 1",49.82,9.37,2.75,1,21.77,6.12,0,0,0,0,"None","IV","Continental",0.669,0.664,2848.6,53.3,-1.2
"456",2014,"Germany","Spessart 2",50.01,9.47,0.75,1,23.94,5.51,0,0,0,0,"None","IV","Continental",0.655,0.643,3418.2,56.3,-1.1
"457",2014,"Germany","Spessart 3",50.2,9.55,2.75,1,18.51,5.65,0,0,0,0,"None","IV","Continental",0.654,0.661,3588.9,48.8,-1
"458",2001,"Belgium","St-Hubert Forest",50.1,5.3,3,1,20.88,2.3,0,0,0,0,"None","IV","Continental",0.672,0.742,3387.9,36.8,-0.9
"459",1996,"Switzerland","Stabelchord",46.66,10.24,5,NA,17.37,8.12,0,0,0,0,"None","I","Alpine",0.226,0.253,56577.6,19.4,-0.7
"460",2017,"Belarus","Staradarozski",53.01,28.14,0.35,1,21.02,2.27,0,0,0,0,"None","Not Protected","Continental",0.534,0.603,11809.2,38.5,-0.5
"461",3000,"Austria","Steiermark",47.25,15.25,3.48,1,21.95,2.24,0,0,0,0,"None","III","Alpine",0.67,0.777,8391,52.8,-0.4
"462",2018,"Italy","Stelvio NP - Sondalo",46.33,10.39,4.7,0,22.44,7.53,0,0,0,0,"None","II","Alpine",0.337,0.405,43374,26.7,-0.9
"463",2016,"Italy","Stelvio NP - Valfurva",46.45,10.42,11.58,0,27.85,6.92,1,0,0,1,"Bear_only","II","Alpine",0.386,0.422,39103.5,32.2,-0.8
"464",2016,"Italy","Stelvio NP - Valfurva",46.45,10.42,11.58,0,27.85,6.92,1,0,0,1,"Bear_only","II","Alpine",0.146,0.241,55468.9,11.9,-0.8
"465",2018,"Italy","Stelvio NP - Valfurva",46.46,10.51,12,0,19.97,8.45,0,0,0,0,"None","II","Alpine",0.386,0.422,39103.5,32.2,-0.8
"466",2018,"Italy","Stelvio NP - Valfurva",46.46,10.51,12,0,19.97,8.45,0,0,0,0,"None","II","Alpine",0.146,0.241,55468.9,11.9,-0.8
"467",3000,"Italy","Stelvio_National_Park_(Tn)",46.37,10.55,7.25,0,19.7,6.72,0,0,0,0,"None","II","Alpine",0.081,0.177,63844.9,6.6,-0.8
"468",2017,"Belarus","Stolinski",51.93,27.05,0.15,1,20.46,7.35,0,0,0,0,"None","Not Protected","Continental",0.505,0.569,9300.1,22.8,-0.7
"469",2001,"Norway","Stordal",62.39,7.14,1.7,1,15.01,8.17,0,0,0,0,"None","I","Alpine",0.229,0.266,27333.5,18.8,0
"470",2013,"Bulgaria","Strandzha Mountains",42.01,27.61,0.47,1,12.77,8.28,0,1,0,1,"Wolf_only","I","BlackSea",0.67,0.979,4389.4,53.4,-0.3
"471",2001,"Norway","Stryn",61.85,7.04,1.7,1,13.88,9.14,0,0,0,0,"None","II","Alpine",0.054,0.169,26354.2,7.6,0.2
"472",2017,"Belarus","Sumilinski",55.36,29.44,0.55,1,20.6,4.53,0,0,0,0,"None","IV","Boreal",0.444,0.557,16560,14.3,-0.4
"473",2001,"Norway","Sunndal",62.56,8.72,0.3,1,11.38,9.38,0,0,0,0,"None","II","Alpine",0.045,0.075,32184.1,5.6,0
"474",3000,"Italy","Susa_Valley_Turin_Province",45.08,7,2.22,1,21.3,4.46,0,1,0,1,"Wolf_only","IV","Alpine",0.401,0.587,29554.5,35.6,-0.9
"475",2011,"Switzerland","Swiss NP",46.67,10.2,11.63,0,16.53,7.98,0,0,0,0,"None","I","Alpine",0.259,0.289,54331.6,23.8,-0.7
"476",2006,"Switzerland","Swiss NP - Val Trupchun",46.58,10.07,27.85,0,15.63,6.28,0,0,0,0,"None","I","Alpine",0.163,0.222,61990.8,10.4,-0.6
"477",3000,"UK","Syre_Estate",58.33,-5.05,5.81,1,19.64,5.41,0,0,0,0,"None","Not Reported","Atlantic",0.483,0.462,7723.7,15.4,-0.1
"478",2010,"France","Tarn",44.07,2.29,3,1,24.9,0.19,0,0,0,0,"None","Not Protected","Atlantic",0.644,0.785,829,10.8,-1.4
"479",2010,"France","Tarn Garonne",44.14,1.77,3,1,17.06,1.63,0,0,0,0,"None","IV","Atlantic",0.664,0.811,486.3,23.3,-1.5
"480",2012,"Slovakia","Tatra NP",49.11,19.55,0.95,1,30.88,0.44,1,1,1,3,"All","IV","Alpine",0.396,0.629,16737.8,11.7,-0.3
"481",2010,"France","Territoire Belfort",47.68,6.9,1,1,27.78,2.21,0,0,0,0,"None","V","Continental",0.631,0.769,2541.4,31.3,-0.6
"482",2017,"Latvia","Tervete",56.44,23.34,3,1,22.48,0.08,0,0,0,0,"None","II","Boreal",0.443,0.508,17031.3,8,-0.6
"483",2014,"Germany","Thueringer Wald",50.79,10.56,5.5,1,16.35,3.81,0,0,0,0,"None","IV","Continental",0.614,0.627,9289.5,56.5,-0.7
"484",2014,"Germany","Thueringer Wald 2",50.49,11.21,5.5,1,24.66,3.2,0,0,0,0,"None","III","Continental",0.579,0.652,12044,48.1,-0.5
"485",2001,"Norway","Tingvoll",62.97,8.19,1.7,1,23.15,8.23,0,0,1,1,"Lynx_only","Not Protected","Atlantic",0.423,0.492,23815,32.5,-0.1
"486",3000,"Austria","Tirol",47.25,11.25,2.52,1,36.2,2.29,0,0,0,0,"None","IV","Alpine",0.578,0.673,21289.3,35.9,-0.4
"487",2014,"Poland","Toru?ski",53.07,18.5,1.14,1,27.02,0.53,0,1,0,1,"Wolf_only","IV","Continental",0.556,0.576,8037.4,25.5,-0.8
"488",2011,"Italy","Tramonti",40.68,14.64,0.4,1,31.07,2.59,0,0,0,0,"None","I","Mediterranean",0.679,0.96,843.7,34,-0.9
"489",2014,"Spain","Tras-os-Montes",41.76,-6.77,1.75,1,34.87,2.13,0,1,0,1,"Wolf_only","Not Reported","Mediterranean",0.506,0.612,374.5,12.1,-0.4
"490",2017,"Latvia","Tukums",56.84,23.24,5,1,24.68,0.32,0,1,0,1,"Wolf_only","Not Protected","Boreal",0.476,0.604,15922,16.6,-0.5
"491",2010,"Romania","Tulcea County NW",45.19,28.37,0.29,1,21.19,7.76,0,0,0,0,"None","II","Steppic",0.631,0.612,5249.6,50.3,-1
"492",1994,"UK","Tyndrum",56.44,-4.71,13,1,26,4.52,0,0,0,0,"None","III","Atlantic",0.454,0.444,10243.9,21.6,0.5
"493",2004,"Czech Republic","Tynec",48.77,17.05,12.8,1,27.47,0.61,0,0,0,0,"None","IV","Pannonian",0.536,0.553,5812.2,19.7,-0.4
"494",2001,"Norway","Tysnes",59.97,5.57,0.9,1,18.16,7.17,0,0,0,0,"None","Not Protected","Atlantic",0.549,0.608,14897.3,49.1,0.3
"495",2001,"Norway","Tysvaer",59.43,5.45,0.5,1,32.73,6.1,0,0,0,0,"None","I","Atlantic",0.492,0.611,12518.4,27.1,0.2
"496",2000,"Netherlands","Ugchelen/Hoenderloo",52.12,5.9,1.5,1,19.63,3.01,0,0,0,0,"None","II","Atlantic",0.652,0.729,3180.9,47.9,-0.5
"497",2011,"Italy","Ulassai",39.81,9.3,1.49,0,20.38,2.79,0,0,0,0,"None","Not Reported","Mediterranean",0.621,0.892,837.1,24.9,-0.5
"498",1996,"UK","Ullapool",57.92,-5.15,8.11,1,23.39,NA,0,0,0,0,"None","IV","Atlantic",0.46,0.437,6339.2,15.4,0.1
"499",2001,"Norway","Ullensvang",60.3,6.78,0.5,1,11.4,9.61,0,0,0,0,"None","II","Alpine",0.106,0.116,36762,8.7,0.4
"500",2010,"France","Val d'Oise",49.07,2.38,3,1,47.21,0.43,0,0,0,0,"None","V","Atlantic",0.512,0.62,1590.3,5.7,-1.1
"501",2014,"Italy","Val di Rose M.Sterpi dâ€™Alto M. Boccanera",41.63,13.17,14.3,0,16.46,4.41,0,0,0,0,"None","Not Reported","Mediterranean",0.637,0.688,3160.4,27.9,-0.7
"502",2013,"Romania","Valea lui coman",45.14,25.49,0.24,1,25.79,6.98,1,1,1,3,"All","Not Protected","Alpine",0.587,0.651,10426.9,35.8,-0.7
"503",2013,"Romania","Valea Mare",45.76,26.02,0.52,1,25.3,7.14,1,1,1,3,"All","Not Protected","Alpine",0.569,0.755,14279.2,34.5,-0.8
"504",2014,"Hungary","Valko",47.55,19.48,2.44,1,18.99,2.07,0,0,0,0,"None","V","Pannonian",0.55,0.554,6738,25,-0.1
"505",2001,"Norway","Vanlyven",62.05,5.67,1.7,1,23.96,8.6,0,0,0,0,"None","I","Atlantic",0.366,0.435,23856,26.4,0.2
"506",2010,"France","Var",43.47,6.85,5,1,40.05,3.76,0,0,0,0,"None","IV","Mediterranean",0.618,0.911,516.6,36.5,-1
"507",2017,"Latvia","Varkava",56.26,26.34,3,1,22.02,3.32,0,0,0,0,"None","IV","Boreal",0.486,0.586,15774.2,27.4,-0.4
"508",2010,"France","Vaucluse",44.07,5.32,1,1,18.22,4.92,0,0,0,0,"None","IV","Mediterranean",0.614,0.709,1321.9,26.5,-0.8
"509",2011,"France","Vecais",42.13,9.1,2.59,0,14.33,7.1,0,0,0,0,"None","V","Mediterranean",0.506,0.723,13658.6,31.4,-0.5
"510",2010,"France","Vendee",46.51,-0.83,1,1,23.04,0.05,0,0,0,0,"None","IV","Atlantic",0.615,0.745,669.6,10.4,-0.7
"511",2001,"Norway","Vestnes",62.61,7,1.9,1,27.54,6.26,0,0,0,0,"None","Not Protected","Atlantic",0.425,0.438,18952,33.7,0
"512",2017,"Belarus","Viciebski",55.31,30.47,0.25,1,26.08,3.59,0,0,0,0,"None","Not Protected","Boreal",0.428,0.539,17372.2,16.9,-0.3
"513",2010,"France","Vienne",46.46,0.42,5,1,25.26,0.44,0,0,0,0,"None","Not Protected","Atlantic",0.592,0.684,1076.8,10.6,-0.8
"514",2016,"Spain","Vila Vicosa",38.8,-7.4,10,1,38.58,0.76,0,0,0,0,"None","Not Protected","Mediterranean",0.504,0.599,162.5,6,-0.4
"515",2017,"Latvia","Vilaka",57.07,27.6,0.5,1,20.88,1.94,0,0,0,0,"None","III","Boreal",0.475,0.561,18777.9,24.1,-0.3
"516",2009,"Estonia","Viljandi",58.43,25.39,0.04,1,14.05,1.39,1,1,1,3,"All","IV","Boreal",0.491,0.573,19835.7,30.7,-0.1
"517",2001,"Norway","Vindafjord",59.56,5.79,1.5,1,28.07,7.15,0,0,0,0,"None","I","Atlantic",0.471,0.567,18368.7,37.1,0.3
"518",2013,"Romania","Voievoda",43.84,25.14,0.28,1,27.85,NA,0,0,0,0,"None","Not Reported","Continental",0.448,0.492,10631.4,3.1,-0.3
"519",3000,"Belarus","Volozhin",54,27,0.54,1,18.37,1.62,0,0,0,0,"None","Not Protected","Boreal",0.492,0.605,14216.8,33.3,-0.6
"520",3000,"Austria","Vorarlberg",47.17,9.83,2.88,1,33.6,3.51,0,0,0,0,"None","III","Alpine",0.567,0.639,21561.7,40.3,-0.5
"521",3000,"Russia","Voronezhskii_Reserve",52,39.5,1.29,1,NA,5.86,0,0,0,0,"None","Not Protected","Continental",0.407,0.46,17028.4,17.4,-0.6
"522",2010,"France","Vosges",48.14,6.31,1,1,19.81,2.79,0,0,0,0,"None","Not Reported","Continental",0.647,0.754,3420.8,21.4,-0.7
"523",3000,"France","Vosgi_Mountains",48,7,1.9,1,18.31,5.25,0,0,1,1,"Lynx_only","I","Continental",0.61,0.744,12758.9,54.4,-0.6
"524",2010,"UK","West Midlands",52.48,-2.79,15.9,1,20.41,0,0,0,0,0,"None","IV","Atlantic",0.666,0.605,1950,11.1,0.2
"525",2010,"UK","West Oxford",51.85,-1.49,22.9,1,30.18,0,0,0,0,0,"None","IV","Atlantic",0.599,0.609,1625.7,7.9,0.2
"526",2014,"Germany","Westerwald",50.62,8.02,1.2,1,26.88,1.42,0,0,0,0,"None","Not Reported","Continental",0.583,0.673,9071.1,27.5,-1.1
"527",2010,"UK","Woolhope",52.04,-2.6,8.1,1,28.4,0,0,0,0,0,"None","IV","Atlantic",0.666,0.667,1408.3,15.2,0.3
"528",2010,"France","Yonne",48.02,3.44,3,1,28.15,4.36,0,0,0,0,"None","Not Protected","Continental",0.663,0.766,776.3,36.2,-0.9
"529",2010,"France","Yvelines",48.77,1.84,5,1,34.26,1.74,0,0,0,0,"None","IV","Atlantic",0.612,0.72,1490.6,18.3,-1
"530",2017,"Belarus","Zabinkauski",52.25,24.07,0.15,1,30.75,0.15,0,0,0,0,"None","Not Protected","Continental",0.448,0.551,11384.8,5.5,-0.6
"531",1999,"Lithuania","Zagare Reserve",56.29,23.21,5,1,20.16,1.57,0,1,1,2,"Wolf_lynx","V","Boreal",0.479,0.548,15756.1,21.9,-0.5
"532",3000,"Lithuania","Zagare_Reserve",56.22,23.2,3.8,NA,18.2,1.61,0,1,1,2,"Wolf_lynx","V","Boreal",0.514,0.576,14870.6,27.2,-0.5
"533",3000,"Poland","Zielonka",52.5,21.28,3,1,21.76,1.56,0,0,0,0,"None","Not Reported","Continental",0.494,0.56,10490,13.6,-0.7
"534",2017,"Belarus","Zytkavicki",52.3,27.81,0.25,1,19.66,4.79,0,0,0,0,"None","IV","Continental",0.543,0.585,9611.6,33.5,-0.6
